source,date,rating,review_text,cleaned_text,relevant_topic,why_selected,review_url
Play Store,23-07-2026,1,"bakwas app hai, cancel order button nahi hai, or delevery boy ne 75 rupees scam kar liye mujhe se",bakwas app hai cancel order button nahi hai delevery boy ne 75 rupees scam kar liye mujhe se,Search & Navigation Experience,Evaluates the ease of searching and finding products inside the catalog.,https://play.google.com/store/apps/details?id=com.grofers.customerapp&reviewId=0866be12-d4d1-4f05-984f-eb24125db3e2
Play Store,23-07-2026,4,Good Discount and fast delivery easy to selected item 👌,good discount fast delivery easy selected item,Pricing & Value Influence,Analyzes how pricing and discount structures influence new category trial.,https://play.google.com/store/apps/details?id=com.grofers.customerapp&reviewId=d9eef9df-a5ed-43d7-8d06-e07789b8823d
Play Store,23-07-2026,5,excellent service by Blinkit. Especially for medicines. it provides doctor's consultation also for free. and suggest you better medicines according to your health issues. India is growing!!,excellent service blinkit especially medicines provides doctors consultation also free suggest better medicines according health issues india growing,Recommendations & Personalization,Focuses on app-driven product recommendations and personalization.,https://play.google.com/store/apps/details?id=com.grofers.customerapp&reviewId=a5505db4-60e3-4855-bffa-fe09374edd28
Play Store,23-07-2026,5,excellent service and products are of really very good quality 👌,excellent service products really good quality,"Quality, Trust & Freshness",Examines quality trust barriers that prevent users from exploring fresh categories.,https://play.google.com/store/apps/details?id=com.grofers.customerapp&reviewId=6fc4784f-0b7a-4d2f-8851-86c455726a66
Play Store,23-07-2026,5,Everything is available with very affordable price,everything available affordable price,Pricing & Value Influence,Analyzes how pricing and discount structures influence new category trial.,https://play.google.com/store/apps/details?id=com.grofers.customerapp&reviewId=f3340a94-5eea-4c46-871d-156703fef7c2
Play Store,23-07-2026,3,Blinkit was one of the most used appa on my phone but now I've seen that some products that I buy often are being sold at prices higher than the MRP.. like seriously?? whats this behaviour?? I won't complain about some delivery fee or stuff but selling stuff at higher prices is not acceptable at all !!,blinkit one used appa phone ive seen products buy often sold prices higher mrp like seriously whats behaviour wont complain delivery fee stuff selling stuff higher prices acceptable,Pricing & Value Influence,Analyzes how pricing and discount structures influence new category trial.,https://play.google.com/store/apps/details?id=com.grofers.customerapp&reviewId=e105dd04-e328-4464-a56f-af2f0907c0b2
Play Store,23-07-2026,1,"Extremely disappointed with this order. The Organic Ladyfinger (500 g) came in two 250 g packs, but one entire pack was completely spoiled and had to be thrown away. The Raw Mango (500 g) was the small, round variety with a huge seed and very little pulp, yet the description never mentioned this, making it misleading and poor value for money. The Chopped Spinach contained mostly thick stems instead of spinach leaves, making it feel like the weight was increased by adding sticks than actual.",extremely disappointed order organic ladyfinger 500 g came two 250 g packs one entire pack completely spoiled thrown away raw mango 500 g small round variety huge seed little pulp yet description never mentioned making misleading poor value money chopped spinach contained mostly thick stems instead spinach leaves making feel like weight increased adding sticks actual,Product & Category Exploration,Discusses user journey in exploring new categories and catalog variety.,https://play.google.com/store/apps/details?id=com.grofers.customerapp&reviewId=0d5a83eb-f175-4c40-ae44-aa32d8218b1c
Play Store,23-07-2026,2,only Cash on delivery option are open to plase order,cash delivery option open plase order,Product & Category Exploration,Discusses user journey in exploring new categories and catalog variety.,https://play.google.com/store/apps/details?id=com.grofers.customerapp&reviewId=e7efdc06-062c-4a52-8a21-cd055b22ebd1
Play Store,23-07-2026,4,For the after delivery service and prompt action adhered.,delivery service prompt action adhered,Recommendations & Personalization,Focuses on app-driven product recommendations and personalization.,https://play.google.com/store/apps/details?id=com.grofers.customerapp&reviewId=0dff2181-20b3-403c-8f71-8e00a1cf3523
Play Store,23-07-2026,5,"it's a good site,but please give more discounts like pune",good sitebut please give discounts like pune,Pricing & Value Influence,Analyzes how pricing and discount structures influence new category trial.,https://play.google.com/store/apps/details?id=com.grofers.customerapp&reviewId=9818ea06-fe93-4391-8d1c-03adb02d7611
Play Store,23-07-2026,5,Extremely convenient. Wide range of products with good options.,extremely convenient wide range products good options,Product & Category Exploration,Discusses user journey in exploring new categories and catalog variety.,https://play.google.com/store/apps/details?id=com.grofers.customerapp&reviewId=40f369d2-58c8-4d3d-85fa-222dc54e1c80
Play Store,23-07-2026,5,Good reputed products choices are available.,good reputed products choices available,Product & Category Exploration,Discusses user journey in exploring new categories and catalog variety.,https://play.google.com/store/apps/details?id=com.grofers.customerapp&reviewId=8cf40099-dabd-4681-998e-baff07ceff8d
Play Store,23-07-2026,4,"not the best price , but convenient in cases of urgency .",best price convenient cases urgency,Pricing & Value Influence,Analyzes how pricing and discount structures influence new category trial.,https://play.google.com/store/apps/details?id=com.grofers.customerapp&reviewId=299adf22-52c7-4dc8-a7cb-1f7b2ab60ae8
Play Store,23-07-2026,5,"very dependable, and prompt. Always happy to order from Bl8nkit, over other similar apps. keep it up guys!😊",dependable prompt always happy order bl8nkit similar apps keep guys,Recommendations & Personalization,Focuses on app-driven product recommendations and personalization.,https://play.google.com/store/apps/details?id=com.grofers.customerapp&reviewId=f6d578c2-409e-4e39-8a03-32a1ccd91475
Play Store,23-07-2026,5,"⭐⭐⭐⭐⭐ Blinkit is one of the best delivery apps I've used. The delivery is always super fast, products are fresh, and the packaging is excellent. I also love initiatives like the ambulance service—it shows Blinkit cares about people, not just business. The app is easy to use, and the delivery partners are polite and professional. My only small suggestion is that I rarely receive good offers or discount coupons. I hope Blinkit rewards loyal customers with better deals. Overall, an amazing experie",blinkit one best delivery apps ive used delivery always super fast products fresh packaging excellent also love initiatives like ambulance serviceit shows blinkit cares people business app easy use delivery partners polite professional small suggestion rarely receive good offers discount coupons hope blinkit rewards loyal customers better deals overall amazing experie,Pricing & Value Influence,Analyzes how pricing and discount structures influence new category trial.,https://play.google.com/store/apps/details?id=com.grofers.customerapp&reviewId=0deb577b-3c5a-420f-9718-72affda33556
Play Store,23-07-2026,1,onion size very small and all onion smelled and all are rotten,onion size small onion smelled rotten,"Quality, Trust & Freshness",Examines quality trust barriers that prevent users from exploring fresh categories.,https://play.google.com/store/apps/details?id=com.grofers.customerapp&reviewId=88e0ca7c-363f-4ed8-b180-abc7b03df696
Play Store,23-07-2026,5,"Almost everything is available at any time, low prices than peers and fast delivery. Good job Blinkit! 🙏 You are a saviour for people like us who remember things in the middle of the night.",almost everything available time low prices peers fast delivery good job blinkit saviour people like us remember things middle night,Pricing & Value Influence,Analyzes how pricing and discount structures influence new category trial.,https://play.google.com/store/apps/details?id=com.grofers.customerapp&reviewId=1604ebd2-89b7-4483-9504-517a4a0612f8
Play Store,22-07-2026,1,sent me expiry completed product.Ban Blinkit in india,sent expiry completed productban blinkit india,"Quality, Trust & Freshness",Examines quality trust barriers that prevent users from exploring fresh categories.,https://play.google.com/store/apps/details?id=com.grofers.customerapp&reviewId=ed4ec68c-b934-47de-b9e8-2ab530fc23e8
Play Store,22-07-2026,5,provide greatest discount on any product with fastest delivery 👍😍,provide greatest discount product fastest delivery,Pricing & Value Influence,Analyzes how pricing and discount structures influence new category trial.,https://play.google.com/store/apps/details?id=com.grofers.customerapp&reviewId=55f966c4-22c8-48b6-ad6e-b023b8a1c931
Play Store,22-07-2026,1,waste of money bad quality eggs 300 rupees wasted,waste money bad quality eggs 300 rupees wasted,Repeat Purchase & Habits,Discusses recurring/habitual purchase patterns and daily grocery routines.,https://play.google.com/store/apps/details?id=com.grofers.customerapp&reviewId=0478b20a-555f-4f1c-aa7e-5528906c73aa
Play Store,22-07-2026,4,First order. So pleasantly shocked by such a fast delivery. The price of items was very competitive and attractive compared to amazon. So happy with this first experience although delivery bag was torn badly. But items arrived in less than 15 mins of ordering. Truly an eye blinking experience. Thank you.,first order pleasantly shocked fast delivery price items competitive attractive compared amazon happy first experience although delivery bag torn badly items arrived less 15 mins ordering truly eye blinking experience thank,Pricing & Value Influence,Analyzes how pricing and discount structures influence new category trial.,https://play.google.com/store/apps/details?id=com.grofers.customerapp&reviewId=75e02b6e-2b28-4f67-b7c3-e1fae506881a
Play Store,22-07-2026,5,very good app and very fast delivery 🚚👍100% save or best quality,good app fast delivery 100 save best quality,"Quality, Trust & Freshness",Examines quality trust barriers that prevent users from exploring fresh categories.,https://play.google.com/store/apps/details?id=com.grofers.customerapp&reviewId=0f69957e-a489-4053-abaf-883ea2a4ffc1
Play Store,22-07-2026,1,worst product delivered. poor quality. Blinkit is not helping me on returning the product,worst product delivered poor quality blinkit helping returning product,"Quality, Trust & Freshness",Examines quality trust barriers that prevent users from exploring fresh categories.,https://play.google.com/store/apps/details?id=com.grofers.customerapp&reviewId=da25803e-a0d0-49cf-b0f7-2e8b674418fb
Play Store,22-07-2026,5,price are less than other apps,price less apps,Pricing & Value Influence,Analyzes how pricing and discount structures influence new category trial.,https://play.google.com/store/apps/details?id=com.grofers.customerapp&reviewId=54be893f-7629-4a35-a914-fe9e70c55c6b
Play Store,22-07-2026,4,best option on fast delivery good,best option fast delivery good,Product & Category Exploration,Discusses user journey in exploring new categories and catalog variety.,https://play.google.com/store/apps/details?id=com.grofers.customerapp&reviewId=aa9639c0-d16e-47e7-89f1-e57ec5c57114
Play Store,22-07-2026,5,Fast and Easy with good competitive price,fast easy good competitive price,Pricing & Value Influence,Analyzes how pricing and discount structures influence new category trial.,https://play.google.com/store/apps/details?id=com.grofers.customerapp&reviewId=458b97d2-5db2-4c72-8fa7-680740f4dc63
Play Store,22-07-2026,1,very bad product and expiry product and very bad condition,bad product expiry product bad condition,"Quality, Trust & Freshness",Examines quality trust barriers that prevent users from exploring fresh categories.,https://play.google.com/store/apps/details?id=com.grofers.customerapp&reviewId=0f040891-a022-4f06-8ced-d7f28179af82
Play Store,22-07-2026,4,the product we search is not showing and showing other product 😑,product search showing showing product,Search & Navigation Experience,Evaluates the ease of searching and finding products inside the catalog.,https://play.google.com/store/apps/details?id=com.grofers.customerapp&reviewId=bff522de-9f38-4826-a708-76bbc1516c84
Play Store,22-07-2026,2,"never order fresh items like milk, eggs etc. they supply expired or near expiring date.",never order fresh items like milk eggs etc supply expired near expiring date,Repeat Purchase & Habits,Discusses recurring/habitual purchase patterns and daily grocery routines.,https://play.google.com/store/apps/details?id=com.grofers.customerapp&reviewId=5b9169ea-74d3-498c-b122-0164fc5679dd
Play Store,22-07-2026,3,MRP 70 rs aur sale price 73,mrp 70 rs aur sale price 73,Pricing & Value Influence,Analyzes how pricing and discount structures influence new category trial.,https://play.google.com/store/apps/details?id=com.grofers.customerapp&reviewId=aa96e62e-e604-4a20-a79e-baadcd7839c7
Play Store,22-07-2026,1,poor service high prices very bad experience,poor service high prices bad experience,Pricing & Value Influence,Analyzes how pricing and discount structures influence new category trial.,https://play.google.com/store/apps/details?id=com.grofers.customerapp&reviewId=e4a5082a-6311-4e01-9e2b-bb46731c3751
Play Store,22-07-2026,4,fast delivery.but prices are high compared to other platforms..,fast deliverybut prices high compared platforms,Pricing & Value Influence,Analyzes how pricing and discount structures influence new category trial.,https://play.google.com/store/apps/details?id=com.grofers.customerapp&reviewId=09e6e089-1079-44aa-9bed-896cc3fae1a5
Play Store,22-07-2026,4,Very nice app & very usefull app especially during early morning and late night thanks for urs service,nice app usefull app especially early morning late night thanks urs service,Repeat Purchase & Habits,Discusses recurring/habitual purchase patterns and daily grocery routines.,https://play.google.com/store/apps/details?id=com.grofers.customerapp&reviewId=48d736a6-78d0-4f52-9f2e-0a397473c1db
Play Store,22-07-2026,5,"yesterday I want to purchase a engineering calci but I couldn't find it. because it was already 10 pm, suddenly I remember blinkit then I installed the app I booked the engineering calci i received it with in 10 mins that was really awesome i couldn't believe how fast my tension was gone. Thank you blinkit",yesterday want purchase engineering calci couldnt find already 10 pm suddenly remember blinkit installed app booked engineering calci received 10 mins really awesome couldnt believe fast tension gone thank blinkit,Search & Navigation Experience,Evaluates the ease of searching and finding products inside the catalog.,https://play.google.com/store/apps/details?id=com.grofers.customerapp&reviewId=3a8c494c-10f9-4158-a2e5-0ba9f72fb689
Play Store,22-07-2026,1,worst app having low grade quality product pls do not order from blinkit worst app and company,worst app low grade quality product pls order blinkit worst app company,"Quality, Trust & Freshness",Examines quality trust barriers that prevent users from exploring fresh categories.,https://play.google.com/store/apps/details?id=com.grofers.customerapp&reviewId=6e21b8e8-42db-46d5-adda-b83b0110640d
Play Store,22-07-2026,2,"items are good but not well packed,milk are not coming in separate packet like it was then.",items good well packedmilk coming separate packet like,Repeat Purchase & Habits,Discusses recurring/habitual purchase patterns and daily grocery routines.,https://play.google.com/store/apps/details?id=com.grofers.customerapp&reviewId=febb32f8-8b99-4b66-b9b9-7a05650ba3e0
Play Store,22-07-2026,1,no other platform is charging platform fees other than you,platform charging platform fees,Pricing & Value Influence,Analyzes how pricing and discount structures influence new category trial.,https://play.google.com/store/apps/details?id=com.grofers.customerapp&reviewId=8c06ec0a-8ae4-442f-aa40-8e1f80c9390b
Play Store,22-07-2026,3,products quality and quantity are so low,products quality quantity low,"Quality, Trust & Freshness",Examines quality trust barriers that prevent users from exploring fresh categories.,https://play.google.com/store/apps/details?id=com.grofers.customerapp&reviewId=ee4616ca-f6d7-4a41-9e30-8b82eeb31ab1
Play Store,22-07-2026,1,"Blinkit sent me Rotten, Fungus Laden eggs with 100s of insects crawling in the packet...Someone in my family touched that rotten packet while opening and is now having allergic reaction....shame on you guys ...Fraud company... charging premium but delivering substandard things",blinkit sent rotten fungus laden eggs 100s insects crawling packetsomeone family touched rotten packet opening allergic reactionshame guys fraud company charging premium delivering substandard things,Repeat Purchase & Habits,Discusses recurring/habitual purchase patterns and daily grocery routines.,https://play.google.com/store/apps/details?id=com.grofers.customerapp&reviewId=d60d3d12-65a8-481e-adb5-e6340ca7080e
Play Store,22-07-2026,5,very good app avery think is good but price was soo high,good app avery think good price soo high,Pricing & Value Influence,Analyzes how pricing and discount structures influence new category trial.,https://play.google.com/store/apps/details?id=com.grofers.customerapp&reviewId=1725cd70-2908-4fa1-8a8b-eb264b9197ca
Play Store,22-07-2026,3,add more discount offers of government own banks credit or debit cards,add discount offers government banks credit debit cards,Pricing & Value Influence,Analyzes how pricing and discount structures influence new category trial.,https://play.google.com/store/apps/details?id=com.grofers.customerapp&reviewId=88bcd600-fe45-4d7c-9ca7-00622aec3574
Play Store,22-07-2026,5,"great service, ppl say it's overpriced but for the things blinkit is doing, the price is totally justified. appreciate it.",great service ppl say overpriced things blinkit price totally justified appreciate,Pricing & Value Influence,Analyzes how pricing and discount structures influence new category trial.,https://play.google.com/store/apps/details?id=com.grofers.customerapp&reviewId=c8b7774f-0165-4d56-b8b7-719a0294a1b3
Play Store,22-07-2026,5,I love the service of this app and the random finds are amazing,love service app random finds amazing,Search & Navigation Experience,Evaluates the ease of searching and finding products inside the catalog.,https://play.google.com/store/apps/details?id=com.grofers.customerapp&reviewId=ceb2c834-f189-4dbf-a991-165c0a431a12
Play Store,22-07-2026,3,it's a good and smart choice for people with jobs and many other customers...,good smart choice people jobs many customers,Product & Category Exploration,Discusses user journey in exploring new categories and catalog variety.,https://play.google.com/store/apps/details?id=com.grofers.customerapp&reviewId=821299ac-fc32-4f47-8e6a-1007f8e6020a
Play Store,22-07-2026,1,worst experience they don't have change all the time even after choosing cash o delivery thus is not acceptable . it's not that we always have change available at home even they refuse give change of 20 please i would suggest everyone not choose blinkit. I always have bad experience whenever i order something from this app,worst experience dont change time even choosing cash o delivery thus acceptable always change available home even refuse give change 20 please would suggest everyone choose blinkit always bad experience whenever order something app,Recommendations & Personalization,Focuses on app-driven product recommendations and personalization.,https://play.google.com/store/apps/details?id=com.grofers.customerapp&reviewId=853ca4a6-6e65-4224-a12e-2358838c43c7
Play Store,22-07-2026,2,Blinkit in rains...bad option. Packaging is never proper.. It's not like plastic bags are not available in the market. You can pack the product in brown paper bag but ask the delivery person to keep a plastic bag to ensure that the products don't reach customer torn and tattered..unhandable..falling from the hands.,blinkit rainsbad option packaging never proper like plastic bags available market pack product brown paper bag ask delivery person keep plastic bag ensure products dont reach customer torn tatteredunhandablefalling hands,Product & Category Exploration,Discusses user journey in exploring new categories and catalog variety.,https://play.google.com/store/apps/details?id=com.grofers.customerapp&reviewId=2cfd62ba-0f18-427c-98e8-2bbc68b1291e
Play Store,22-07-2026,5,"Good App, amazing options. The only con is less professional delivery riders.",good app amazing options con less professional delivery riders,Product & Category Exploration,Discusses user journey in exploring new categories and catalog variety.,https://play.google.com/store/apps/details?id=com.grofers.customerapp&reviewId=c6f9cbbe-b24c-43f9-92a9-abc04f21df6f
Play Store,22-07-2026,1,"The quality of products, especially fresh items is usually average. But today thr limits got crossed! I had ordered 1kg potatoes. The entire pack was smelling like rotten egg. I opened the pack and there were 2 slimy rotten potatoes. The whole house started smelling. I had to throw the entire pack away! They already set the prices more than the local vendors. Plus their quality is much lower what a bare minimum quality should be. Uninstalled the app because of bad service",quality products especially fresh items usually average today thr limits got crossed ordered 1kg potatoes entire pack smelling like rotten egg opened pack 2 slimy rotten potatoes whole house started smelling throw entire pack away already set prices local vendors plus quality much lower bare minimum quality uninstalled app bad service,Repeat Purchase & Habits,Discusses recurring/habitual purchase patterns and daily grocery routines.,https://play.google.com/store/apps/details?id=com.grofers.customerapp&reviewId=be7b9fa8-0127-4cd0-87ad-68b4b39dd207
Play Store,22-07-2026,1,price badha dete ho likha price pehle se hi jyada hota hai baad Mai usko aur badha dete ho waste app,price badha dete ho likha price pehle se hi jyada hota hai baad mai usko aur badha dete ho waste app,Pricing & Value Influence,Analyzes how pricing and discount structures influence new category trial.,https://play.google.com/store/apps/details?id=com.grofers.customerapp&reviewId=ead0741c-4493-4f23-ae2b-214446d725f8
Play Store,22-07-2026,5,It's a great way to order your favorite products n get them delivered instantly. Blinkit does it in a blink! ;),great way order favorite products n get delivered instantly blinkit blink,Wishlist & Favourites,"Discusses wishlisting, bookmarking, or saving products for later.",https://play.google.com/store/apps/details?id=com.grofers.customerapp&reviewId=76493460-a6d6-4eca-acdd-59a99c70912b
Play Store,22-07-2026,4,so far i have been enjoying blinkit the app navigation is easy the delivery is just in a few minutes and it is convenient to order the necessary things .,far enjoying blinkit app navigation easy delivery minutes convenient order necessary things,Search & Navigation Experience,Evaluates the ease of searching and finding products inside the catalog.,https://play.google.com/store/apps/details?id=com.grofers.customerapp&reviewId=e5180cd8-32f3-422e-a546-c790d5962612
Play Store,22-07-2026,1,"On the first order Rs.50 off it was showing, but after order placed there is no discount at all",first order rs50 showing order placed discount,Pricing & Value Influence,Analyzes how pricing and discount structures influence new category trial.,https://play.google.com/store/apps/details?id=com.grofers.customerapp&reviewId=fdaef990-c59c-40e2-a49a-5feae5177c15
Play Store,22-07-2026,1,not good products. in vegetable mixing 3-4 units of rotten units.,good products vegetable mixing 34 units rotten units,"Quality, Trust & Freshness",Examines quality trust barriers that prevent users from exploring fresh categories.,https://play.google.com/store/apps/details?id=com.grofers.customerapp&reviewId=e783d3ce-17aa-4c5e-8b91-b367bfad6f91
Play Store,22-07-2026,5,very good app for all foods delivery with offers,good app foods delivery offers,Pricing & Value Influence,Analyzes how pricing and discount structures influence new category trial.,https://play.google.com/store/apps/details?id=com.grofers.customerapp&reviewId=88f5757c-bedf-4a9c-a2b9-50fd1be2cc88
Play Store,22-07-2026,5,excellent service and all the items will be available at one place with reasonable price..,excellent service items available one place reasonable price,Pricing & Value Influence,Analyzes how pricing and discount structures influence new category trial.,https://play.google.com/store/apps/details?id=com.grofers.customerapp&reviewId=b0d4221b-abaf-4943-98ef-96a28a1f3cdc
Play Store,22-07-2026,1,I have parched canon pixma mg2570s printer it's not working and mixer grinder this apps parched products are low quality item they will deliver to doors it's not good and some time in order misplace the items...,parched canon pixma mg2570s printer working mixer grinder apps parched products low quality item deliver doors good time order misplace items,"Quality, Trust & Freshness",Examines quality trust barriers that prevent users from exploring fresh categories.,https://play.google.com/store/apps/details?id=com.grofers.customerapp&reviewId=1c9e54ed-af72-48b9-9f68-1fd4f5c278a3
Play Store,22-07-2026,2,price very high on blinkit compare market price,price high blinkit compare market price,Pricing & Value Influence,Analyzes how pricing and discount structures influence new category trial.,https://play.google.com/store/apps/details?id=com.grofers.customerapp&reviewId=3a725f9e-1c7a-4c04-a305-a3c491bd6cb2
Play Store,22-07-2026,5,Quick service Best Quality Thanks Blink team,quick service best quality thanks blink team,"Quality, Trust & Freshness",Examines quality trust barriers that prevent users from exploring fresh categories.,https://play.google.com/store/apps/details?id=com.grofers.customerapp&reviewId=4abcdd7a-1a43-4f45-b04b-8f48920ac5d1
Play Store,22-07-2026,4,i can't see 10/- offers in mtm but in vijayawada I saw,cant see 10 offers mtm vijayawada saw,Pricing & Value Influence,Analyzes how pricing and discount structures influence new category trial.,https://play.google.com/store/apps/details?id=com.grofers.customerapp&reviewId=b33c9622-2f1c-4825-812d-e2a61107936c
Play Store,22-07-2026,5,"Timely delivery, courteous associates, good quality material.",timely delivery courteous associates good quality material,"Quality, Trust & Freshness",Examines quality trust barriers that prevent users from exploring fresh categories.,https://play.google.com/store/apps/details?id=com.grofers.customerapp&reviewId=5da514f6-854f-42a1-b7fe-161e2acced63
Play Store,22-07-2026,4,good one for regular and urgent purpose,good one regular urgent purpose,Repeat Purchase & Habits,Discusses recurring/habitual purchase patterns and daily grocery routines.,https://play.google.com/store/apps/details?id=com.grofers.customerapp&reviewId=117aadaa-31e9-4e12-957e-57368172e664
Play Store,22-07-2026,2,Frequently increasing the prices of products,frequently increasing prices products,Pricing & Value Influence,Analyzes how pricing and discount structures influence new category trial.,https://play.google.com/store/apps/details?id=com.grofers.customerapp&reviewId=d230d026-11e0-4c53-aa2c-342b08eabcb8
Play Store,22-07-2026,5,Good range if everyday essentials and what not delivered at lightning pace.,good range everyday essentials delivered lightning pace,Repeat Purchase & Habits,Discusses recurring/habitual purchase patterns and daily grocery routines.,https://play.google.com/store/apps/details?id=com.grofers.customerapp&reviewId=b2b88581-aff9-48d3-bc06-06997c9dfe00
Play Store,22-07-2026,2,"Except milk, they never place any tetra packed items like their 1ltr Mango Lassis in fridges. They always deliver those warm.",except milk never place tetra packed items like 1ltr mango lassis fridges always deliver warm,Repeat Purchase & Habits,Discusses recurring/habitual purchase patterns and daily grocery routines.,https://play.google.com/store/apps/details?id=com.grofers.customerapp&reviewId=37cf91d6-a59a-40dc-9689-92ff42f6fc8d
Play Store,22-07-2026,1,"Blinkit, ye message kab tak? ""High demand. Please try again after some time."" Har baar app kholte hi wahi message milta hai. Agar service available hi nahi hai, to phir app me order option kyu dikhaya ja raha hai?",blinkit ye message kab tak high demand please try time har baar app kholte hi wahi message milta hai agar service available hi nahi hai phir app order option kyu dikhaya ja raha hai,Product & Category Exploration,Discusses user journey in exploring new categories and catalog variety.,https://play.google.com/store/apps/details?id=com.grofers.customerapp&reviewId=b3b5c142-6f17-44e0-93c7-8919b693fc6c
Play Store,22-07-2026,1,I am from Siliguri matigara. thay use bad mix fruit and pineapple chunks so bad quality don't buy this type of product,siliguri matigara thay use bad mix fruit pineapple chunks bad quality dont buy type product,"Quality, Trust & Freshness",Examines quality trust barriers that prevent users from exploring fresh categories.,https://play.google.com/store/apps/details?id=com.grofers.customerapp&reviewId=284fc00c-471c-4d92-9a7b-5849c15f4a86
Play Store,21-07-2026,1,totally worst app ever specially dont ever try to buy electronics product through this platform they will scam you i have recently order a mixer grinder the box was totally tourn very bad condition box still they delivered me that product after i check i raised concern its defective they says its normal the mixer was making so noise and all the jar was defective still they say that not our fault this don't comes under our policy rules beware i suggest do ever by from blinkit its totally scammer.,totally worst app ever specially dont ever try buy electronics product platform scam recently order mixer grinder box totally tourn bad condition box still delivered product check raised concern defective says normal mixer making noise jar defective still say fault dont comes policy rules beware suggest ever blinkit totally scammer,Recommendations & Personalization,Focuses on app-driven product recommendations and personalization.,https://play.google.com/store/apps/details?id=com.grofers.customerapp&reviewId=256a479f-15a5-4eca-a744-3a148892c340
Play Store,21-07-2026,4,no discount bus good range 😕,discount bus good range,Pricing & Value Influence,Analyzes how pricing and discount structures influence new category trial.,https://play.google.com/store/apps/details?id=com.grofers.customerapp&reviewId=1b4ade40-92e4-4943-b4a9-577161f30184
Play Store,21-07-2026,5,good but price are Lil bit high but very good app,good price lil bit high good app,Pricing & Value Influence,Analyzes how pricing and discount structures influence new category trial.,https://play.google.com/store/apps/details?id=com.grofers.customerapp&reviewId=964b0612-917f-41dc-a7cd-1b5f22b5010f
Play Store,21-07-2026,5,They don't provide any discounts. Everything else is good.,dont provide discounts everything else good,Pricing & Value Influence,Analyzes how pricing and discount structures influence new category trial.,https://play.google.com/store/apps/details?id=com.grofers.customerapp&reviewId=6f999b17-faf3-46fc-99dd-67cefd7d06ae
Play Store,21-07-2026,1,"Worst app ,doesn't have replacement policy,Very bad after sales support,If you buy any product from then you can't have any option to replace or return it.They only give wrong 7 days replacement policy.They wouldn't properly solve your problem.After giving them my order Id they don't reply and couldn't do anything,they write it to fool the consumer.worst app I have ever get.",worst app doesnt replacement policyvery bad sales supportif buy product cant option replace return itthey give wrong 7 days replacement policythey wouldnt properly solve problemafter giving order id dont reply couldnt anythingthey write fool consumerworst app ever get,Product & Category Exploration,Discusses user journey in exploring new categories and catalog variety.,https://play.google.com/store/apps/details?id=com.grofers.customerapp&reviewId=5c17bbdb-c932-4e94-b429-16f41b321f78
Play Store,21-07-2026,4,good but no discount any product,good discount product,Pricing & Value Influence,Analyzes how pricing and discount structures influence new category trial.,https://play.google.com/store/apps/details?id=com.grofers.customerapp&reviewId=75eb6076-7e2a-44d1-a7b2-ca531c761616
Play Store,21-07-2026,1,no coupons at all very bad,coupons bad,Pricing & Value Influence,Analyzes how pricing and discount structures influence new category trial.,https://play.google.com/store/apps/details?id=com.grofers.customerapp&reviewId=6438cdde-b6ef-45a1-b951-e6a88ab1542a
Play Store,21-07-2026,4,easy to use but it don't get any gift please give me gift I am your daily customer,easy use dont get gift please give gift daily customer,Repeat Purchase & Habits,Discusses recurring/habitual purchase patterns and daily grocery routines.,https://play.google.com/store/apps/details?id=com.grofers.customerapp&reviewId=b8bd913e-54a4-4035-9f04-85dd9eb1c1fd
Play Store,21-07-2026,1,"supplied expired articles, please check the date of expiry before accepting the delivery.",supplied expired articles please check date expiry accepting delivery,"Quality, Trust & Freshness",Examines quality trust barriers that prevent users from exploring fresh categories.,https://play.google.com/store/apps/details?id=com.grofers.customerapp&reviewId=8a0636df-2993-4362-b690-c83bcdcf0d9c
Play Store,21-07-2026,5,overall good and product quality nice thanks you blinkit and blinkit raider's,overall good product quality nice thanks blinkit blinkit raiders,"Quality, Trust & Freshness",Examines quality trust barriers that prevent users from exploring fresh categories.,https://play.google.com/store/apps/details?id=com.grofers.customerapp&reviewId=f9c2ca29-2b52-44bf-93cf-af7214d3b516
Play Store,21-07-2026,3,offers are not up to mark,offers mark,Pricing & Value Influence,Analyzes how pricing and discount structures influence new category trial.,https://play.google.com/store/apps/details?id=com.grofers.customerapp&reviewId=b657ae60-832a-4cd7-afee-50f2bd7a920b
Play Store,21-07-2026,5,this app is very good and the product given by them is also of real brand and information of the product is also real . I like it sooo muchhh 💖💖,app good product given also real brand information product also real like sooo muchhh,Brand Switching,Discusses shifting preferences from one brand to another or brand substitution.,https://play.google.com/store/apps/details?id=com.grofers.customerapp&reviewId=536c2343-fb15-4592-a770-6c064689e9e4
Play Store,21-07-2026,5,quality products and perfect delivery time,quality products perfect delivery time,"Quality, Trust & Freshness",Examines quality trust barriers that prevent users from exploring fresh categories.,https://play.google.com/store/apps/details?id=com.grofers.customerapp&reviewId=b7713d5f-3e51-4a64-bab1-4d2c173ad889
Play Store,21-07-2026,5,Best app for fast deliver ❤ And easy selection sitting at home,best app fast deliver easy selection sitting home,Product & Category Exploration,Discusses user journey in exploring new categories and catalog variety.,https://play.google.com/store/apps/details?id=com.grofers.customerapp&reviewId=ed4395aa-fc39-4dc1-8e02-f5e60dd13c1c
Play Store,21-07-2026,5,Service is fine. But there is no option to replace or return the items erroneously booked even to purchase more itmes on its replacement.,service fine option replace return items erroneously booked even purchase itmes replacement,Product & Category Exploration,Discusses user journey in exploring new categories and catalog variety.,https://play.google.com/store/apps/details?id=com.grofers.customerapp&reviewId=4b96337c-dd92-4ebd-92d1-682eea240233
Play Store,21-07-2026,4,nice app easy to order ...have variety of options,nice app easy order variety options,Product & Category Exploration,Discusses user journey in exploring new categories and catalog variety.,https://play.google.com/store/apps/details?id=com.grofers.customerapp&reviewId=32c38ff6-e41c-4c28-9c9c-d20077ee6ecb
Play Store,21-07-2026,4,it offers cod when other apps don't at the time,offers cod apps dont time,Pricing & Value Influence,Analyzes how pricing and discount structures influence new category trial.,https://play.google.com/store/apps/details?id=com.grofers.customerapp&reviewId=480b3b8a-e4d3-4c0f-ba01-613aad6a2260
Play Store,21-07-2026,5,Very good app for purchase items we need daily.,good app purchase items need daily,Repeat Purchase & Habits,Discusses recurring/habitual purchase patterns and daily grocery routines.,https://play.google.com/store/apps/details?id=com.grofers.customerapp&reviewId=5ece4560-8893-44af-b6a2-ea1f504741bc
Play Store,21-07-2026,4,price hike hai baki sab thik hai,price hike hai baki sab thik hai,Pricing & Value Influence,Analyzes how pricing and discount structures influence new category trial.,https://play.google.com/store/apps/details?id=com.grofers.customerapp&reviewId=bbd012fc-012c-4d03-aced-1e3a08df08cc
Play Store,21-07-2026,4,for normal 1 page print out the are charging us more than the normal print in offline one,normal 1 page print charging us normal print offline one,Pricing & Value Influence,Analyzes how pricing and discount structures influence new category trial.,https://play.google.com/store/apps/details?id=com.grofers.customerapp&reviewId=49e1daa2-1a6d-4f5f-bed5-581a88452589
Play Store,21-07-2026,4,nice offer. 50rupees coupon applied on my order,nice offer 50rupees coupon applied order,Pricing & Value Influence,Analyzes how pricing and discount structures influence new category trial.,https://play.google.com/store/apps/details?id=com.grofers.customerapp&reviewId=7fd2269e-1898-45de-9fc3-e73af147315c
Play Store,21-07-2026,1,expiry product selling in this app,expiry product selling app,"Quality, Trust & Freshness",Examines quality trust barriers that prevent users from exploring fresh categories.,https://play.google.com/store/apps/details?id=com.grofers.customerapp&reviewId=1005b976-3e54-49b3-9fa1-72d8702a2625
Play Store,21-07-2026,5,very good but . please give me discount,good please give discount,Pricing & Value Influence,Analyzes how pricing and discount structures influence new category trial.,https://play.google.com/store/apps/details?id=com.grofers.customerapp&reviewId=6d22dfb9-0c94-4c51-9ec7-8f13db97b721
Play Store,21-07-2026,3,When I needed an offer i didn't get ..,needed offer didnt get,Pricing & Value Influence,Analyzes how pricing and discount structures influence new category trial.,https://play.google.com/store/apps/details?id=com.grofers.customerapp&reviewId=61062549-97f4-40a7-baa2-e5fe8b95d854
Play Store,21-07-2026,5,I find the best quality products and in faster time and the help assistance are also very polite and quick responding,find best quality products faster time help assistance also polite quick responding,Search & Navigation Experience,Evaluates the ease of searching and finding products inside the catalog.,https://play.google.com/store/apps/details?id=com.grofers.customerapp&reviewId=8c630422-bc8b-434c-9a6b-9395a665a873
Play Store,21-07-2026,5,Very nice.Very helpful for daily life,nicevery helpful daily life,Repeat Purchase & Habits,Discusses recurring/habitual purchase patterns and daily grocery routines.,https://play.google.com/store/apps/details?id=com.grofers.customerapp&reviewId=721ea489-14a8-4f05-8c26-91ab899720fa
Play Store,21-07-2026,5,You can find anything you want and will be delivered soon.👍🏼 for the services provided.,find anything want delivered soon services provided,Search & Navigation Experience,Evaluates the ease of searching and finding products inside the catalog.,https://play.google.com/store/apps/details?id=com.grofers.customerapp&reviewId=9fde006a-107c-4fc3-be3a-2a381ec06624
Play Store,21-07-2026,1,Every product price should be very high,every product price high,Pricing & Value Influence,Analyzes how pricing and discount structures influence new category trial.,https://play.google.com/store/apps/details?id=com.grofers.customerapp&reviewId=e9580409-e603-457f-aef8-73d5ac260611
Play Store,21-07-2026,5,"Blinkit is my go to app for last min purchases. 98 percent of the times all the products are of good quality. If there is prob, the executives have always help me resolve it quickly",blinkit go app last min purchases 98 percent times products good quality prob executives always help resolve quickly,"Quality, Trust & Freshness",Examines quality trust barriers that prevent users from exploring fresh categories.,https://play.google.com/store/apps/details?id=com.grofers.customerapp&reviewId=6ad7ac61-77a0-45ee-a492-4e89bc081d5a
Play Store,21-07-2026,1,poor quality items and delevery boy's are miss behaviour 😡😡,poor quality items delevery boys miss behaviour,"Quality, Trust & Freshness",Examines quality trust barriers that prevent users from exploring fresh categories.,https://play.google.com/store/apps/details?id=com.grofers.customerapp&reviewId=50b3fd65-7844-4151-96ad-0babaed0d5ce
Play Store,21-07-2026,5,order is on time and it is very easy to use blinkit I love it but prices are high anyways it's ok,order time easy use blinkit love prices high anyways ok,Pricing & Value Influence,Analyzes how pricing and discount structures influence new category trial.,https://play.google.com/store/apps/details?id=com.grofers.customerapp&reviewId=0acb5fca-b6d5-4fa1-87b5-b2f3f120f5b3
Play Store,21-07-2026,5,really fantastic app for daily uses stuff,really fantastic app daily uses stuff,Repeat Purchase & Habits,Discusses recurring/habitual purchase patterns and daily grocery routines.,https://play.google.com/store/apps/details?id=com.grofers.customerapp&reviewId=186b82ad-51c3-4084-99ce-36d6d8c41ec2
Play Store,21-07-2026,5,I order thing everyday from blinkit,order thing everyday blinkit,Repeat Purchase & Habits,Discusses recurring/habitual purchase patterns and daily grocery routines.,https://play.google.com/store/apps/details?id=com.grofers.customerapp&reviewId=e1fe945f-2f52-4793-a97f-6cd093116385
Play Store,21-07-2026,5,World's best and fastest way to order product with good quality,worlds best fastest way order product good quality,"Quality, Trust & Freshness",Examines quality trust barriers that prevent users from exploring fresh categories.,https://play.google.com/store/apps/details?id=com.grofers.customerapp&reviewId=90893cf2-8be9-459c-8a84-787177ed50ab
Play Store,21-07-2026,5,Blinkit is fastest delivery app in my area. Product quality is good. Thanks. Keep up the good work.,blinkit fastest delivery app area product quality good thanks keep good work,"Quality, Trust & Freshness",Examines quality trust barriers that prevent users from exploring fresh categories.,https://play.google.com/store/apps/details?id=com.grofers.customerapp&reviewId=43c3a908-40c0-4fd0-9368-89be9d41e66b
Play Store,21-07-2026,5,print service is not worth the price,print service worth price,Pricing & Value Influence,Analyzes how pricing and discount structures influence new category trial.,https://play.google.com/store/apps/details?id=com.grofers.customerapp&reviewId=cab78771-61ef-4512-9f1a-cf84c8f76774
Play Store,21-07-2026,5,good service for all by a good sale at an accurate price .,good service good sale accurate price,Pricing & Value Influence,Analyzes how pricing and discount structures influence new category trial.,https://play.google.com/store/apps/details?id=com.grofers.customerapp&reviewId=13865130-bbd3-4f5c-a67a-dc785f8e0fad
Play Store,21-07-2026,1,bakwas hai blinkit chor hai data cable mangwai slow charging problem hai replace nahi ho rahi chor hai ye blinkit wale nahi cable wapas kar rahe na paise kabhi kuch saman matt kharidna,bakwas hai blinkit chor hai data cable mangwai slow charging problem hai replace nahi ho rahi chor hai ye blinkit wale nahi cable wapas kar rahe na paise kabhi kuch saman matt kharidna,Pricing & Value Influence,Analyzes how pricing and discount structures influence new category trial.,https://play.google.com/store/apps/details?id=com.grofers.customerapp&reviewId=33351083-4d44-41c6-83ac-58045617ec89
Play Store,21-07-2026,5,"just fantastic,almost everything available in normal price.and fast delivery",fantasticalmost everything available normal priceand fast delivery,Pricing & Value Influence,Analyzes how pricing and discount structures influence new category trial.,https://play.google.com/store/apps/details?id=com.grofers.customerapp&reviewId=78d4c7cd-cf4a-4e55-8ba4-999cf7f406d1
Play Store,21-07-2026,5,a blessing ...saves time and efforts ...and competitive prices,blessing saves time efforts competitive prices,Pricing & Value Influence,Analyzes how pricing and discount structures influence new category trial.,https://play.google.com/store/apps/details?id=com.grofers.customerapp&reviewId=04400827-1f83-4a78-a15d-05f87ac41509
Play Store,21-07-2026,1,pricess are very high and charging the platform fee as weel,pricess high charging platform fee weel,Pricing & Value Influence,Analyzes how pricing and discount structures influence new category trial.,https://play.google.com/store/apps/details?id=com.grofers.customerapp&reviewId=f48a31ea-881c-491e-acc4-dcfefcd8659e
Play Store,21-07-2026,4,sometimes the products that come in are damaged but readily available in a variety of resources .,sometimes products come damaged readily available variety resources,Product & Category Exploration,Discusses user journey in exploring new categories and catalog variety.,https://play.google.com/store/apps/details?id=com.grofers.customerapp&reviewId=0a8f23ab-dc07-4550-9ff1-8745d3f277cd
Play Store,21-07-2026,1,Delivered wrong product and of much lesser price.They are not responding even.,delivered wrong product much lesser pricethey responding even,Pricing & Value Influence,Analyzes how pricing and discount structures influence new category trial.,https://play.google.com/store/apps/details?id=com.grofers.customerapp&reviewId=136306c1-0ceb-4939-8565-5ba2d56512e5
Play Store,21-07-2026,5,having more options and products are more,options products,Product & Category Exploration,Discusses user journey in exploring new categories and catalog variety.,https://play.google.com/store/apps/details?id=com.grofers.customerapp&reviewId=1f4db773-dba3-4f64-b7f8-e5caa19e8c95
Play Store,21-07-2026,1,i ordered milk they gave me expired milk,ordered milk gave expired milk,Repeat Purchase & Habits,Discusses recurring/habitual purchase patterns and daily grocery routines.,https://play.google.com/store/apps/details?id=com.grofers.customerapp&reviewId=561f154c-59c9-4525-a078-d670dd727fe5
Play Store,21-07-2026,1,"pls check once latest release search not working, when i click its not responding search even i tried open and close also",pls check latest release search working click responding search even tried open close also,Search & Navigation Experience,Evaluates the ease of searching and finding products inside the catalog.,https://play.google.com/store/apps/details?id=com.grofers.customerapp&reviewId=b78ea9d1-7b7a-47a4-a182-7534fdaee1df
Play Store,21-07-2026,5,first time I use but offer is not so good,first time use offer good,Pricing & Value Influence,Analyzes how pricing and discount structures influence new category trial.,https://play.google.com/store/apps/details?id=com.grofers.customerapp&reviewId=ded3bc2b-b92e-4851-91a8-ea8823f00509
Play Store,21-07-2026,5,Fast delivery and affordable price in offers. I'm so happy 😄❤️❤️❤️❤️ thanks for everything 😊,fast delivery affordable price offers im happy thanks everything,Pricing & Value Influence,Analyzes how pricing and discount structures influence new category trial.,https://play.google.com/store/apps/details?id=com.grofers.customerapp&reviewId=c8bd7b8d-b716-431c-9d63-4638a78d451a
Play Store,20-07-2026,1,your service is getting terrible day by day.everyday night after 12 it is unavailable..before it was available.so it is getting bad day by day..I think now the service is getting so bad a complaint should be registered in consumer forum,service getting terrible day dayeveryday night 12 unavailablebefore availableso getting bad day dayi think service getting bad complaint registered consumer forum,Repeat Purchase & Habits,Discusses recurring/habitual purchase patterns and daily grocery routines.,https://play.google.com/store/apps/details?id=com.grofers.customerapp&reviewId=7e126eee-4a30-404b-b753-bf49cee9fb5e
Play Store,2026-07-29,5,bad expiration wrong product delivered,bad expiration wrong product delivered,"Quality, Trust & Freshness",Examines quality trust barriers that prevent users from exploring fresh categories.,https://play.google.com/store/apps/details?id=com.grofers.customerapp
Play Store,2026-07-29,2,price is more than original MRP and u also mention free delivery,price original mrp u also mention free delivery,Pricing & Value Influence,Analyzes how pricing and discount structures influence new category trial.,https://play.google.com/store/apps/details?id=com.grofers.customerapp
Play Store,2026-07-29,1,Any item expiry date is expired,item expiry date expired,"Quality, Trust & Freshness",Examines quality trust barriers that prevent users from exploring fresh categories.,https://play.google.com/store/apps/details?id=com.grofers.customerapp
Play Store,2026-07-29,3,## blinkit. why they are Charging handling fee always,blinkit charging handling fee always,Pricing & Value Influence,Analyzes how pricing and discount structures influence new category trial.,https://play.google.com/store/apps/details?id=com.grofers.customerapp
Play Store,2026-07-29,1,"no proper communication channel at all, you will not know unless you call and find out what's happening",proper communication channel know unless call find whats happening,Search & Navigation Experience,Evaluates the ease of searching and finding products inside the catalog.,https://play.google.com/store/apps/details?id=com.grofers.customerapp
Play Store,2026-07-29,5,very good awesome quality and service is best.,good awesome quality service best,"Quality, Trust & Freshness",Examines quality trust barriers that prevent users from exploring fresh categories.,https://play.google.com/store/apps/details?id=com.grofers.customerapp
Play Store,2026-07-29,3,price jyada ha market se,price jyada ha market se,Pricing & Value Influence,Analyzes how pricing and discount structures influence new category trial.,https://play.google.com/store/apps/details?id=com.grofers.customerapp
Play Store,2026-07-29,1,pissa aapka bahud jada aata he offers doo plz request,pissa aapka bahud jada aata offers doo plz request,Pricing & Value Influence,Analyzes how pricing and discount structures influence new category trial.,https://play.google.com/store/apps/details?id=com.grofers.customerapp&reviewId=bafe172f-8c56-4c35-8480-cba07bd93ea5
Play Store,2026-07-29,5,this aap was amazing and always order on blinkit blinkit gives awesome items in pocket friendly prices 😎,aap amazing always order blinkit blinkit gives awesome items pocket friendly prices,Repeat Purchase & Habits,Discusses recurring/habitual purchase patterns and daily grocery routines.,https://play.google.com/store/apps/details?id=com.grofers.customerapp&reviewId=b4277dd1-1dc5-44d4-8203-a19846c006fb
Play Store,2026-07-29,1,bilkul bekar egg tute bheje,bilkul bekar egg tute bheje,Repeat Purchase & Habits,Discusses recurring/habitual purchase patterns and daily grocery routines.,https://play.google.com/store/apps/details?id=com.grofers.customerapp&reviewId=dd7588b3-b445-4667-8d66-36bbb5b159f7
Play Store,2026-07-29,1,worst experience. recently I purchased tata 1mg clinically validated digital blood pressure monitor but I received used item. I paid new machine but I received used machine and no exchange option in blinkit.,worst experience recently purchased tata 1mg clinically validated digital blood pressure monitor received used item paid new machine received used machine exchange option blinkit,Product & Category Exploration,Discusses user journey in exploring new categories and catalog variety.,https://play.google.com/store/apps/details?id=com.grofers.customerapp&reviewId=5d1a0ed3-5e8b-4b86-9c83-26f85d64504b
Play Store,2026-07-29,5,"Very helpful in daily needs, Fast delivery",helpful daily needs fast delivery,Repeat Purchase & Habits,Discusses recurring/habitual purchase patterns and daily grocery routines.,https://play.google.com/store/apps/details?id=com.grofers.customerapp&reviewId=a70d67ff-7afe-4207-a59c-c4405be596a6
Play Store,2026-07-29,4,"Superb Experience & Lightning Fast! Review: Blinkit has completely transformed how I order everyday essentials! The delivery is incredibly fast, order tracking is smooth, and the items always arrive fresh and well-packaged. Absolutely super service every single time!",superb experience lightning fast review blinkit completely transformed order everyday essentials delivery incredibly fast order tracking smooth items always arrive fresh wellpackaged absolutely super service every single time,Repeat Purchase & Habits,Discusses recurring/habitual purchase patterns and daily grocery routines.,https://play.google.com/store/apps/details?id=com.grofers.customerapp&reviewId=894089df-1948-4cd5-a5dc-911b5ba51da5
Play Store,2026-07-29,5,On time delivery and good quality,time delivery good quality,"Quality, Trust & Freshness",Examines quality trust barriers that prevent users from exploring fresh categories.,https://play.google.com/store/apps/details?id=com.grofers.customerapp&reviewId=64c76385-98a2-48c5-a0ab-7b7bd8324656
Play Store,2026-07-29,1,blink it must improve the quality of there sellers. some of the seller doing unethical selling like tampered packaging. Two separate packing like prices on lamination and products are different or missing,blink must improve quality sellers seller unethical selling like tampered packaging two separate packing like prices lamination products different missing,Pricing & Value Influence,Analyzes how pricing and discount structures influence new category trial.,https://play.google.com/store/apps/details?id=com.grofers.customerapp&reviewId=12dc6e89-1cda-41df-bb8e-16caa97fa8e3
Play Store,2026-07-29,5,ye mera first time tha jab mene blinkit use Kiya and it was amazing maine jo products order kiye the vo bhi kafi ache the or price bhi and dilivery boy bhi kafi humble tha ✨,ye mera first time tha jab mene blinkit use kiya amazing maine jo products order kiye vo bhi kafi ache price bhi dilivery boy bhi kafi humble tha,Pricing & Value Influence,Analyzes how pricing and discount structures influence new category trial.,https://play.google.com/store/apps/details?id=com.grofers.customerapp&reviewId=dcfca8a9-b6e1-45b2-81b6-e5b61d28e829
Play Store,2026-07-29,5,This is a nice app cuz it has everything I have been searching for where I didn't get in other app Like it's literally a friendly app ✨,nice app cuz everything searching didnt get app like literally friendly app,Search & Navigation Experience,Evaluates the ease of searching and finding products inside the catalog.,https://play.google.com/store/apps/details?id=com.grofers.customerapp&reviewId=80900583-fb4e-4ec2-987c-c53467d8b675
Play Store,2026-07-29,5,very good and quick app all things are good here the quality of things is also good no product is damaged or broken even the print potion in this app is very good the prints are nice and clear,good quick app things good quality things also good product damaged broken even print potion app good prints nice clear,"Quality, Trust & Freshness",Examines quality trust barriers that prevent users from exploring fresh categories.,https://play.google.com/store/apps/details?id=com.grofers.customerapp&reviewId=5609cdc9-fef9-46c2-b1db-acf0058d854a
Play Store,2026-07-29,1,very poor quality product sell blinkit and not refunded,poor quality product sell blinkit refunded,"Quality, Trust & Freshness",Examines quality trust barriers that prevent users from exploring fresh categories.,https://play.google.com/store/apps/details?id=com.grofers.customerapp&reviewId=a4da866f-b132-4c11-be42-4cf9dc0b6506
Play Store,2026-07-29,5,West quality and service 👑⭐💫,west quality service,"Quality, Trust & Freshness",Examines quality trust barriers that prevent users from exploring fresh categories.,https://play.google.com/store/apps/details?id=com.grofers.customerapp&reviewId=320721c2-6132-4caa-93ba-6d73d9677eba
Play Store,2026-07-29,5,amazing discount fastival offer nice blinkit,amazing discount fastival offer nice blinkit,Pricing & Value Influence,Analyzes how pricing and discount structures influence new category trial.,https://play.google.com/store/apps/details?id=com.grofers.customerapp&reviewId=39fc86f9-15b2-4170-95bc-0b47c20d79b5
Play Store,2026-07-29,1,overprice selling item this app 🤬😡😡😡,overprice selling item app,Pricing & Value Influence,Analyzes how pricing and discount structures influence new category trial.,https://play.google.com/store/apps/details?id=com.grofers.customerapp&reviewId=c9bf56dc-8aa7-46a9-a289-887234b49efd
Play Store,2026-07-29,5,loo baget loo price best option,loo baget loo price best option,Product & Category Exploration,Discusses user journey in exploring new categories and catalog variety.,https://play.google.com/store/apps/details?id=com.grofers.customerapp&reviewId=9491095e-d300-4b90-ba8e-38527a5b8bf4
Play Store,2026-07-29,1,how to cancel order there is no option it shows,cancel order option shows,Product & Category Exploration,Discusses user journey in exploring new categories and catalog variety.,https://play.google.com/store/apps/details?id=com.grofers.customerapp&reviewId=06e86321-0d3e-4719-b5f2-d08105ea531f
Play Store,2026-07-29,1,Just don't get hyped by the returning facility cause it's very bad a damaged product returned will only give a coupon.,dont get hyped returning facility cause bad damaged product returned give coupon,Pricing & Value Influence,Analyzes how pricing and discount structures influence new category trial.,https://play.google.com/store/apps/details?id=com.grofers.customerapp&reviewId=1e896b8b-9054-468a-abe5-e5f5b4c3124d
Play Store,2026-07-29,4,some new products should be added,new products added,Product & Category Exploration,Discusses user journey in exploring new categories and catalog variety.,https://play.google.com/store/apps/details?id=com.grofers.customerapp&reviewId=f3215b0c-d9fa-427b-9697-2e057d618e17
Play Store,2026-07-29,5,best delivery awesome products on time delivery quality products,best delivery awesome products time delivery quality products,"Quality, Trust & Freshness",Examines quality trust barriers that prevent users from exploring fresh categories.,https://play.google.com/store/apps/details?id=com.grofers.customerapp&reviewId=4d53f1b8-d030-4a24-885f-256bdbcb491f
Play Store,2026-07-29,5,good 👍 👍 👍 👍 for easy find things fast delivery,good easy find things fast delivery,Search & Navigation Experience,Evaluates the ease of searching and finding products inside the catalog.,https://play.google.com/store/apps/details?id=com.grofers.customerapp&reviewId=d48635b3-1edb-4592-b00b-8efdfa55fb8b
Play Store,2026-07-29,5,very good and prompt service,good prompt service,Recommendations & Personalization,Focuses on app-driven product recommendations and personalization.,https://play.google.com/store/apps/details?id=com.grofers.customerapp&reviewId=3e7902d7-9f7f-43cb-b1f1-7480b4893526
Play Store,2026-07-29,5,"Unmatched Quality, Genius Design, and Total Game-Changer! ​I rarely leave reviews, but after using this kit consistently over the past few weeks, I felt compelled to share my experience. Simply put, this is hands-down one of the best investments I have ever made. From the moment the package arrived, it was clear that the creators put an immense amount of thought, care, and precision into every single detail. ​Unboxing & First Impressions ​The packaging alone deserves a five-star rating.",unmatched quality genius design total gamechanger rarely leave reviews using kit consistently past weeks felt compelled share experience simply put handsdown one best investments ever made moment package arrived clear creators put immense amount thought care precision every single detail unboxing first impressions packaging alone deserves fivestar rating,"Quality, Trust & Freshness",Examines quality trust barriers that prevent users from exploring fresh categories.,https://play.google.com/store/apps/details?id=com.grofers.customerapp&reviewId=712c11ed-93f6-457d-9166-18333ef6f2cc
Play Store,2026-07-29,5,brooo when i order milk they deliver it in the cardboard bag and it always torn apart as the milk is cold and have some water outside. please change ur bag while delivering milk and cold stuff,brooo order milk deliver cardboard bag always torn apart milk cold water outside please change ur bag delivering milk cold stuff,Repeat Purchase & Habits,Discusses recurring/habitual purchase patterns and daily grocery routines.,https://play.google.com/store/apps/details?id=com.grofers.customerapp&reviewId=ccc868d7-8001-4bed-bbf4-9e12c9d841fc
Play Store,2026-07-29,4,Items quality was very better then other online food apps,items quality better online food apps,"Quality, Trust & Freshness",Examines quality trust barriers that prevent users from exploring fresh categories.,https://play.google.com/store/apps/details?id=com.grofers.customerapp&reviewId=b696360b-7f41-461b-9d2b-18da7262f380
Play Store,2026-07-29,3,need to add option which sell only healthy thing which dont contain harmful chemicals,need add option sell healthy thing dont contain harmful chemicals,Product & Category Exploration,Discusses user journey in exploring new categories and catalog variety.,https://play.google.com/store/apps/details?id=com.grofers.customerapp&reviewId=581a0229-d1b3-45a8-9b72-c2468a7d75a8
Play Store,2026-07-29,1,very bad experience please close the blinkit because you are selling experid items.i was order baby milk powder and I have received experid milk powder this is very bad ...,bad experience please close blinkit selling experid itemsi order baby milk powder received experid milk powder bad,Repeat Purchase & Habits,Discusses recurring/habitual purchase patterns and daily grocery routines.,https://play.google.com/store/apps/details?id=com.grofers.customerapp&reviewId=ce8dd24e-5a3d-4fdf-bcbb-39c68ce16d19
Play Store,2026-07-29,1,they sell expired product today when my order is not cash on delivery and now they are not helping even need help option is not working i tried to send photo and vedio i have photo and vedio of the product they are cheater and cheating 🇮🇳 no clue of returing my money,sell expired product today order cash delivery helping even need help option working tried send photo vedio photo vedio product cheater cheating clue returing money,Product & Category Exploration,Discusses user journey in exploring new categories and catalog variety.,https://play.google.com/store/apps/details?id=com.grofers.customerapp&reviewId=1fe9886a-5351-4bd0-b3bc-59140aeba1b6
Play Store,2026-07-29,5,its a nice option for marketing,nice option marketing,Product & Category Exploration,Discusses user journey in exploring new categories and catalog variety.,https://play.google.com/store/apps/details?id=com.grofers.customerapp&reviewId=9eb8f63c-62f9-43d2-b658-35324b587632
Play Store,2026-07-29,5,Very pleased with the quality of your produce and the speed with which it is delivered home. Thank you for your service. It is much appreciated.,pleased quality produce speed delivered home thank service much appreciated,"Quality, Trust & Freshness",Examines quality trust barriers that prevent users from exploring fresh categories.,https://play.google.com/store/apps/details?id=com.grofers.customerapp&reviewId=4119f218-9e67-4efc-a4eb-8304d883dbdf
Play Store,2026-07-29,4,best choice for oily skin peoples,best choice oily skin peoples,Product & Category Exploration,Discusses user journey in exploring new categories and catalog variety.,https://play.google.com/store/apps/details?id=com.grofers.customerapp&reviewId=fe3221da-0eb9-4f7a-94e6-23613cb3203d
Play Store,2026-07-29,1,very poor quality. ice cream contener is broken,poor quality ice cream contener broken,"Quality, Trust & Freshness",Examines quality trust barriers that prevent users from exploring fresh categories.,https://play.google.com/store/apps/details?id=com.grofers.customerapp&reviewId=ed9f3a36-a4a8-4ebe-a966-0b26ce7ad43f
Play Store,2026-07-29,1,no option for replacement for unused packed product. worst service,option replacement unused packed product worst service,Product & Category Exploration,Discusses user journey in exploring new categories and catalog variety.,https://play.google.com/store/apps/details?id=com.grofers.customerapp&reviewId=7ba05481-d6f3-4f47-bdcc-f735558c4f65
Play Store,2026-07-29,5,"excellent experience with blinkit in outstanding services & finest exquisite quality of absolute perfection in delivery services of all products and items of daily essential requirements within no time at all almost instantly and complete satisfaction guaranteed 24 × 7 at blinkit for all essential daily needs of all types which come to your imagination , i can feel the happiness at blinkit at my home sweet home in almost no time at all to my immense pleasure fulfillment & complete satisfaction✅",excellent experience blinkit outstanding services finest exquisite quality absolute perfection delivery services products items daily essential requirements within time almost instantly complete satisfaction guaranteed 24 7 blinkit essential daily needs types come imagination feel happiness blinkit home sweet home almost time immense pleasure fulfillment complete satisfaction,Repeat Purchase & Habits,Discusses recurring/habitual purchase patterns and daily grocery routines.,https://play.google.com/store/apps/details?id=com.grofers.customerapp&reviewId=a2f9e46b-ffe1-4892-8aa8-94545c97587d
Play Store,2026-07-29,5,this site is very nice but it's prices are too high.,site nice prices high,Pricing & Value Influence,Analyzes how pricing and discount structures influence new category trial.,https://play.google.com/store/apps/details?id=com.grofers.customerapp&reviewId=8122d5cf-1dc5-4498-8ed7-60bfcb2c0274
Play Store,2026-07-29,4,very good app for online stuff it's trusted and they gave good prices and offers just bought the whole harry Potter pack,good app online stuff trusted gave good prices offers bought whole harry potter pack,Pricing & Value Influence,Analyzes how pricing and discount structures influence new category trial.,https://play.google.com/store/apps/details?id=com.grofers.customerapp&reviewId=cf0677f3-dc2a-402d-912f-1c758fae480b
Play Store,2026-07-29,5,very nice and comfortable thank you so much plz give more offers,nice comfortable thank much plz give offers,Pricing & Value Influence,Analyzes how pricing and discount structures influence new category trial.,https://play.google.com/store/apps/details?id=com.grofers.customerapp&reviewId=3c98154d-91d9-474e-8db5-155dc8b71e45
Play Store,2026-07-29,1,hey blinkit i justt wanna say your product/iteam are very high money uh doesn't give uss discount.one product price are high its very difficult to buy any item in your shop .soo i just say suggested to you low/decrease the price of all product. if item is 500 yoou just showing us 1000 why? thiss all prices aree high and soo many issues yaar sometime your cash on delivery doesn't wroking and the high prices whyyy is thiss blinkit .its not good,hey blinkit justt wanna say productiteam high money uh doesnt give uss discountone product price high difficult buy item shop soo say suggested lowdecrease price product item 500 yoou showing us 1000 thiss prices aree high soo many issues yaar sometime cash delivery doesnt wroking high prices whyyy thiss blinkit good,Pricing & Value Influence,Analyzes how pricing and discount structures influence new category trial.,https://play.google.com/store/apps/details?id=com.grofers.customerapp&reviewId=2f9ae90c-ebde-4b3f-86f9-fd14224c7c05
Play Store,2026-07-29,1,"very bad whenever I order pomegranate, Banana I always get rotten ones .. no fresh items got delivered",bad whenever order pomegranate banana always get rotten ones fresh items got delivered,"Quality, Trust & Freshness",Examines quality trust barriers that prevent users from exploring fresh categories.,https://play.google.com/store/apps/details?id=com.grofers.customerapp&reviewId=30091194-f36f-4c5b-9ec1-5c5ea7b0b4d6
Play Store,2026-07-29,1,oder cancel ka option nhi deta h ye saman bhi kafi mehga deta h,oder cancel ka option nhi deta h ye saman bhi kafi mehga deta h,Product & Category Exploration,Discusses user journey in exploring new categories and catalog variety.,https://play.google.com/store/apps/details?id=com.grofers.customerapp&reviewId=dac904c3-5916-47d3-8869-40a50e87ccee
Play Store,2026-07-29,1,"return option is not there, I bought a product which is not functioning correctly raised a concern not useful. wasted",return option bought product functioning correctly raised concern useful wasted,Product & Category Exploration,Discusses user journey in exploring new categories and catalog variety.,https://play.google.com/store/apps/details?id=com.grofers.customerapp&reviewId=8707a2bc-a2cd-4adf-8cf0-0de184bcc5d2
Play Store,2026-07-29,5,prompt action as after blink of an eye excellent 👌,prompt action blink eye excellent,Recommendations & Personalization,Focuses on app-driven product recommendations and personalization.,https://play.google.com/store/apps/details?id=com.grofers.customerapp&reviewId=a72e9b1a-e5c3-4ca6-a754-f7b70e412f4e
Play Store,2026-07-16,5,Each and every detail of the apps interface is to good the delivery experience is fantastic and effortless. The only thing is it has very limited offers on different products and prices are somewhat higher as compared to other quick commerce platform. It's in my area I can't tell about others. Thank you! ❤,every detail apps interface good delivery experience fantastic effortless thing limited offers different products prices somewhat higher compared quick commerce platform area cant tell others thank,Pricing & Value Influence,Analyzes how pricing and discount structures influence new category trial.,https://play.google.com/store/apps/details?id=com.grofers.customerapp&reviewId=4bbc26a4-333c-4e39-8aa6-815e5e739c84
Play Store,2026-05-25,1,"Worst experience with this app. I ordered one product but received a completely different item. When I complained, they refunded only the discounted amount and did not return the full amount I paid after applying the offer. This mistake was from their side, so customers should not suffer the loss. Very disappointing service.",worst experience app ordered one product received completely different item complained refunded discounted amount return full amount paid applying offer mistake side customers suffer loss disappointing service,Pricing & Value Influence,Analyzes how pricing and discount structures influence new category trial.,https://play.google.com/store/apps/details?id=com.grofers.customerapp&reviewId=7b06da45-98bc-429c-b606-223b51fad91f
Play Store,2026-07-15,5,"Amazing service by Blinkit! 💛 Living in a remote area, I never expected essentials to be so easily accessible. Whether it's a small everyday item or something bigger, I can order it in just a few clicks and have it delivered with ease. It has made my life so much easier, more convenient, and stress-free. Thank you, Blinkit, for making everyday living so comfortable! 🙌",amazing service blinkit living remote area never expected essentials easily accessible whether small everyday item something bigger order clicks delivered ease made life much easier convenient stressfree thank blinkit making everyday living comfortable,Repeat Purchase & Habits,Discusses recurring/habitual purchase patterns and daily grocery routines.,https://play.google.com/store/apps/details?id=com.grofers.customerapp&reviewId=63e37007-0320-4eae-bfa7-676f3f84c3f4
Play Store,2026-07-13,4,"Blinkit is a truly reliable and easy to use UI and has variety of products. The reason why I gave 4 stars is because of backdoor scalping happening in the designated store near me i really hate this, just recently I checked the hotwheels section and there were several premium hotwheels mentioned coming soon or live by 10 pm but within 1 or 2 hrs they were out of stock, they never went live.",blinkit truly reliable easy use ui variety products reason gave 4 stars backdoor scalping happening designated store near really hate recently checked hotwheels section several premium hotwheels mentioned coming soon live 10 pm within 1 2 hrs stock never went live,Product & Category Exploration,Discusses user journey in exploring new categories and catalog variety.,https://play.google.com/store/apps/details?id=com.grofers.customerapp&reviewId=37b68b2b-89d4-48ae-863d-4a3138fa113a
Play Store,2026-07-25,1,very bad experience I have been ordering items from them they used to the best quality but now they even delivered expired items also when complaints they completely ignore your request I had ordered kitten food twice both the tym either the packet is leaking staining all the other items badly or they send an expired item even tried to complaint through mail.. shared all the photos still no solution they said we can't help you.🙄😒,bad experience ordering items used best quality even delivered expired items also complaints completely ignore request ordered kitten food twice tym either packet leaking staining items badly send expired item even tried complaint mail shared photos still solution said cant help,"Quality, Trust & Freshness",Examines quality trust barriers that prevent users from exploring fresh categories.,https://play.google.com/store/apps/details?id=com.grofers.customerapp&reviewId=4da1178e-5002-4d7b-b631-e4ce72c56af5
Play Store,2026-07-18,1,"⚠️ Beware of Blinkit's ""Buy 1 Get 1 Free"" offers. The free product is not added to your cart automatically. You have to add it yourself. If you aren't aware of this or simply forget to add the free item, Blinkit will deliver only one product—even though the offer is advertised as ""Buy 1 Get 1 Free."" Double-check your cart before placing your order to make sure the free item has been added.",beware blinkits buy 1 get 1 free offers free product added cart automatically add arent aware simply forget add free item blinkit deliver one producteven though offer advertised buy 1 get 1 free doublecheck cart placing order make sure free item added,Pricing & Value Influence,Analyzes how pricing and discount structures influence new category trial.,https://play.google.com/store/apps/details?id=com.grofers.customerapp&reviewId=7bfcc293-4b23-4b14-a338-6f3172423fa8
Play Store,2026-07-20,4,many items can be good while some can be average..most of the times...only some items can be bad to be bought..delivery speed and rates are worth it so is the product quality...some products can be very near to expiry date...but that's something people ordering should check while receiving otherwise all good..😊,many items good averagemost timesonly items bad boughtdelivery speed rates worth product qualitysome products near expiry datebut thats something people ordering check receiving otherwise good,"Quality, Trust & Freshness",Examines quality trust barriers that prevent users from exploring fresh categories.,https://play.google.com/store/apps/details?id=com.grofers.customerapp&reviewId=df76ab0b-16f4-41ee-a72c-79e0560553a6
Play Store,2026-07-09,1,"Absolute fraud! Placed my 1st prepaid order for 4 items. Blinkit unilaterally changed it to 3 items and marked it ""amended & delivered"" to hide the missing item. Instead of refunding, they adjusted and distributed the price of all 4 original items into the 3 delivered items! They literally inflated the prices post-purchase to pocket my full prepaid money. This is blatant invoice manipulation and cheating. First and last time using this app. Avoid prepaid orders!",absolute fraud placed 1st prepaid order 4 items blinkit unilaterally changed 3 items marked amended delivered hide missing item instead refunding adjusted distributed price 4 original items 3 delivered items literally inflated prices postpurchase pocket full prepaid money blatant invoice manipulation cheating first last time using app avoid prepaid orders,Pricing & Value Influence,Analyzes how pricing and discount structures influence new category trial.,https://play.google.com/store/apps/details?id=com.grofers.customerapp&reviewId=73292ee6-f616-44a5-9e75-cb0559cb64de
Play Store,2026-07-16,2,"It was a very bad experience,, The delivery guy refused to deliver the doorstep...when informed I was not well to come downstairs je asked to cancel the order later another day, again they took an hour to deliver the order.... getting bad day by day...nd on the top of that charging us handling fee",bad experience delivery guy refused deliver doorstepwhen informed well come downstairs je asked cancel order later another day took hour deliver order getting bad day daynd top charging us handling fee,Pricing & Value Influence,Analyzes how pricing and discount structures influence new category trial.,https://play.google.com/store/apps/details?id=com.grofers.customerapp&reviewId=c4800b8b-22dc-4d8d-a252-16f6b69f4d7c
Play Store,2026-07-20,5,Most helpful app for students and for instant need of any item. The only issue is that the variety of items are less and most of the things are not in the store but it's ok most of the things are still very useful.,helpful app students instant need item issue variety items less things store ok things still useful,Product & Category Exploration,Discusses user journey in exploring new categories and catalog variety.,https://play.google.com/store/apps/details?id=com.grofers.customerapp&reviewId=69347312-a938-4eb8-8078-353aac5493b5
Play Store,2026-05-17,1,"how fast it was processed, there was a mistake in ordering and I had to change some menu and they didn't allow me to edit and they were unable to cancel my order it's so great that they processed so fast orders. this needs to be solve that please allow buyers to edit and have option to delete order there might be some issue or it can be order mistakenly.",fast processed mistake ordering change menu didnt allow edit unable cancel order great processed fast orders needs solve please allow buyers edit option delete order might issue order mistakenly,Product & Category Exploration,Discusses user journey in exploring new categories and catalog variety.,https://play.google.com/store/apps/details?id=com.grofers.customerapp&reviewId=61e25ea1-694c-4ee1-945c-94b13ed6d61c
Play Store,2026-06-06,4,"Dear Blinkit Team, I would like to request that the previous simple picking system be brought back. The old system was easier and more efficient because all items were clearly visible, which made picking faster and reduced confusion. In the current system, it is sometimes difficult to see and locate all items quickly, which can affect productivity and increase picking time. Please consider restoring the previous simple picking system or providing an option to use it. Thank you for your considera",dear blinkit team would like request previous simple picking system brought back old system easier efficient items clearly visible made picking faster reduced confusion current system sometimes difficult see locate items quickly affect productivity increase picking time please consider restoring previous simple picking system providing option use thank considera,Product & Category Exploration,Discusses user journey in exploring new categories and catalog variety.,https://play.google.com/store/apps/details?id=com.grofers.customerapp&reviewId=a6c656a4-b07f-4a60-a577-d49f490bfb75
Play Store,2026-07-16,4,"Please add ""I don't need a bag"" feature on the checkout page. I and many others who use the app almost everyday, have countless bags in our house which we don't even know what to use. The competitor flipkart minutes already has the feature which is very useful. Please enable it too in your app 🙏🏻",please add dont need bag feature checkout page many others use app almost everyday countless bags house dont even know use competitor flipkart minutes already feature useful please enable app,Repeat Purchase & Habits,Discusses recurring/habitual purchase patterns and daily grocery routines.,https://play.google.com/store/apps/details?id=com.grofers.customerapp&reviewId=07df9b80-b805-47b3-834b-0c3526438d8f
Play Store,2026-07-14,1,"Very disappointed. The bread was of poor quality and unusually small in size, and the butter delivered was expired. This is completely unacceptable. I've lost trust in Blinkit's quality checks. I'm uninstalling the app and personally boycotting Blinkit. I won't be ordering from them again.",disappointed bread poor quality unusually small size butter delivered expired completely unacceptable ive lost trust blinkits quality checks im uninstalling app personally boycotting blinkit wont ordering,Repeat Purchase & Habits,Discusses recurring/habitual purchase patterns and daily grocery routines.,https://play.google.com/store/apps/details?id=com.grofers.customerapp&reviewId=15d088f2-80e9-4e69-8738-20a698b52188
Play Store,2026-07-12,1,"I'm pretty disappointed with your service lately. Recently, I purchased a product, but it arrived damaged, so I returned it. I trusted your service and placed another order for the same product. To my surprise, I received the very same damaged item that I had previously returned. I've been a loyal customer for over a year, but the quality of your service has declined significantly in recent times. This experience has been extremely disappointing.",im pretty disappointed service lately recently purchased product arrived damaged returned trusted service placed another order product surprise received damaged item previously returned ive loyal customer year quality service declined significantly recent times experience extremely disappointing,"Quality, Trust & Freshness",Examines quality trust barriers that prevent users from exploring fresh categories.,https://play.google.com/store/apps/details?id=com.grofers.customerapp&reviewId=3807aa11-d0a5-432f-9dd4-a3de155c0c17
Play Store,2026-07-12,5,"Hostel life made so much easier for my kid! ""Staying away from home in a hostel isn't easy, but this app makes it better for my child. Whenever they run out of snacks, need midnight study fuel, or forget basic essentials, I can easily order for them from miles away. The delivery riders always find the hostel easily, and the items arrive fresh and quick. I absolutely love that I can take care of their cravings and needs directly through the app, giving me total peace of mind!""",hostel life made much easier kid staying away home hostel isnt easy app makes better child whenever run snacks need midnight study fuel forget basic essentials easily order miles away delivery riders always find hostel easily items arrive fresh quick absolutely love take care cravings needs directly app giving total peace mind,Search & Navigation Experience,Evaluates the ease of searching and finding products inside the catalog.,https://play.google.com/store/apps/details?id=com.grofers.customerapp&reviewId=aa081f74-9522-4b97-816b-68ce0f0f8a7c
Play Store,2026-07-01,3,"The delivery was good, but I ordered Drools cat food that included free creamy lickable cat treats. I only received the cat food, and the free treats were missing. When I tried to report the issue or request a return, there was no option available in the Blinkit app. This was a very disappointing experience. Please look into this issue and provide the missing free treats or an appropriate resolution.",delivery good ordered drools cat food included free creamy lickable cat treats received cat food free treats missing tried report issue request return option available blinkit app disappointing experience please look issue provide missing free treats appropriate resolution,Product & Category Exploration,Discusses user journey in exploring new categories and catalog variety.,https://play.google.com/store/apps/details?id=com.grofers.customerapp&reviewId=7f7f6005-0ac6-4dcc-91c5-ee5b676632cf
Play Store,2026-07-12,1,"Very disappointing experience with Blinkit. I ordered a cake, but when I opened the package, several pieces were missing. The package had already been opened before it was delivered to me, which is completely unacceptable. This raises serious concerns about quality control and hygiene. I expected a sealed and complete product, but this was not what I received.",disappointing experience blinkit ordered cake opened package several pieces missing package already opened delivered completely unacceptable raises serious concerns quality control hygiene expected sealed complete product received,"Quality, Trust & Freshness",Examines quality trust barriers that prevent users from exploring fresh categories.,https://play.google.com/store/apps/details?id=com.grofers.customerapp&reviewId=38d87145-4ca8-4344-b78b-b78934269576
Play Store,2026-07-05,5,"it's very impressive that they are really very punctual. as accord to me, everything I got was very fine. and books, I thought it would be pirated, but it was real copy with no damage. but I suggest if you could stock the book's complete series instead of famous books alone. you don't have to stock all books, but atleast stock the series you have alone. because I trust that you give the right books in right time, so please, blinkit, please finish the series alone. I kindly expect a reply😊",impressive really punctual accord everything got fine books thought would pirated real copy damage suggest could stock books complete series instead famous books alone dont stock books atleast stock series alone trust give right books right time please blinkit please finish series alone kindly expect reply,"Quality, Trust & Freshness",Examines quality trust barriers that prevent users from exploring fresh categories.,https://play.google.com/store/apps/details?id=com.grofers.customerapp&reviewId=8a0033e8-9668-4f75-b120-8c80bf20d16c
Play Store,2026-07-03,1,"One of the worst customer experience, I ever had. Every time something or the other item is missing/damaged or rotten. In my last order my whole package of 1600 was not delivered. They provide win win points but whenever one tried to get it or redeem it against those selected product during check out the items are always unavailable and you can never get it. I will advise people to not to trust this app. I order after sometime and again the same delayed service. Nothing has improved. Unworthy",one worst customer experience ever every time something item missingdamaged rotten last order whole package 1600 delivered provide win win points whenever one tried get redeem selected product check items always unavailable never get advise people trust app order sometime delayed service nothing improved unworthy,"Quality, Trust & Freshness",Examines quality trust barriers that prevent users from exploring fresh categories.,https://play.google.com/store/apps/details?id=com.grofers.customerapp&reviewId=8a5ba142-56dc-4628-af05-111d4e650ce8
Play Store,2026-07-01,4,"Good experience with Blinkit ,The delivery was quick, and most items were fresh and well-packed. The app is easy to use, and it saves a lot of time. I'm giving 4 stars because sometimes a few products are out of stock or substitutions aren't ideal. Overall, a reliable and convenient service ! ,",good experience blinkit delivery quick items fresh wellpacked app easy use saves lot time im giving 4 stars sometimes products stock substitutions arent ideal overall reliable convenient service,"Quality, Trust & Freshness",Examines quality trust barriers that prevent users from exploring fresh categories.,https://play.google.com/store/apps/details?id=com.grofers.customerapp&reviewId=a9b88ff8-a4f7-4959-97f2-e0666c223b49
Play Store,2026-07-16,4,one thing that can be improved is the search feature. there are many things/ ingredients which have local names so it becomes hard to search them especially for elders and parents. other than that I don't see any short comings.,one thing improved search feature many things ingredients local names becomes hard search especially elders parents dont see short comings,Search & Navigation Experience,Evaluates the ease of searching and finding products inside the catalog.,https://play.google.com/store/apps/details?id=com.grofers.customerapp&reviewId=e709ad9b-c501-45d1-9e09-6b3a54ca04b3
Play Store,2026-07-25,1,"in other states I have used Blinkit almost everyday , and if I have placed an order by mistake option was there to cancel the order but in ranchi very disappointed. I asked to cancel the order within a second but they didn't . very disappointing.",states used blinkit almost everyday placed order mistake option cancel order ranchi disappointed asked cancel order within second didnt disappointing,Repeat Purchase & Habits,Discusses recurring/habitual purchase patterns and daily grocery routines.,https://play.google.com/store/apps/details?id=com.grofers.customerapp&reviewId=d28d4109-eeba-47ca-aa49-f11e7d5a2e71
Play Store,2026-06-28,1,"Terrible service. Anyone using it should not order food items, particularly that need refrigeration. I ordered protein shakes and rotten products have been delivered thrice! Three times and no improvement in service. Clearly, their stores need to be inspected by Food Authorities. I am not confident of what will come out in terms of storage facilities and conditions.",terrible service anyone using order food items particularly need refrigeration ordered protein shakes rotten products delivered thrice three times improvement service clearly stores need inspected food authorities confident come terms storage facilities conditions,"Quality, Trust & Freshness",Examines quality trust barriers that prevent users from exploring fresh categories.,https://play.google.com/store/apps/details?id=com.grofers.customerapp&reviewId=0b1e6dbc-ed6a-4804-916d-2de7f03ce222
Play Store,2026-07-14,4,"blinkit is a very good delivery app . We are very happy with it but one thing is that the prices are triple of the actual item please make the price relevant as it is very high to purchase , for example : a 10 rupees chips packet is 39 rupees please change it and your app will improve a lot . Thankyou for your service",blinkit good delivery app happy one thing prices triple actual item please make price relevant high purchase example 10 rupees chips packet 39 rupees please change app improve lot thankyou service,Pricing & Value Influence,Analyzes how pricing and discount structures influence new category trial.,https://play.google.com/store/apps/details?id=com.grofers.customerapp&reviewId=be6f0ea5-2b2e-4e07-9722-e2550450c0c3
Play Store,2026-06-20,1,blinkit is a big scam. I ordered peanut butter. I decided my product based on ingredients from pictures of product at blinkit app. when the product arrived i saw the ingredient list never matched the ingredient list from app of the same product they provided. the product i received was full of chemicals. this happened many times. now I have stopped ordering for a while. they only ask for review about color of the app. lol,blinkit big scam ordered peanut butter decided product based ingredients pictures product blinkit app product arrived saw ingredient list never matched ingredient list app product provided product received full chemicals happened many times stopped ordering ask review color app lol,Repeat Purchase & Habits,Discusses recurring/habitual purchase patterns and daily grocery routines.,https://play.google.com/store/apps/details?id=com.grofers.customerapp&reviewId=a31340b7-307d-4a98-859f-cd8dd62b6afd
Play Store,2026-05-31,3,"1. When I send audio recording delivery instructions, I tried to play it back, it just turns off after few seconds, so I can't hear back what I recorded. 2. There must be a save for later option like amazon. It helps to add product which I have seen but don't want to buy now. 3. Also if price has been increased or decreased, I must know. It becomes difficult to order when I have large list of items.",1 send audio recording delivery instructions tried play back turns seconds cant hear back recorded 2 must save later option like amazon helps add product seen dont want buy 3 also price increased decreased must know becomes difficult order large list items,Product & Category Exploration,Discusses user journey in exploring new categories and catalog variety.,https://play.google.com/store/apps/details?id=com.grofers.customerapp&reviewId=cd6c16f2-baf2-4308-891f-a161bdb61193
Play Store,2026-05-22,4,"I love the app. One suggestion, I would like to mention is please try to name the store from which our products are coming from. sometimes, the delivery becomes unsuccessful, because the phone number becomes unreachable sometimes, so that way when it is getting returned to the store, we can pick it up from the store itself. Happened with me today, and realized store name is important. I would be obliged if you do a little correction. Thank you😊",love app one suggestion would like mention please try name store products coming sometimes delivery becomes unsuccessful phone number becomes unreachable sometimes way getting returned store pick store happened today realized store name important would obliged little correction thank,Recommendations & Personalization,Focuses on app-driven product recommendations and personalization.,https://play.google.com/store/apps/details?id=com.grofers.customerapp&reviewId=7a901e5c-9297-43b5-96bb-df4111037c07
Play Store,2026-05-24,2,"App is ok occasional issue while applying voucher codes, but the problem is I always see surge price of 30rs after 5pm evening. although they say delivery is free they collect it through surge fee most of the time. to avoid that you have to order atleast 500. secondly, on comparing with other widely used platforms most of the product rates are usually higher by 10-15% from other platforms. So not a great experience overall.",app ok occasional issue applying voucher codes problem always see surge price 30rs 5pm evening although say delivery free collect surge fee time avoid order atleast 500 secondly comparing widely used platforms product rates usually higher 1015 platforms great experience overall,Pricing & Value Influence,Analyzes how pricing and discount structures influence new category trial.,https://play.google.com/store/apps/details?id=com.grofers.customerapp&reviewId=4fcd13ff-9bb6-4393-a5d4-71fdd64ea973
Play Store,2026-06-17,5,"Really good service. sometimes we all need to order something immediately due to some emergency. sometimes we need order at night and other times its just for choice. they deliver quick, and have no hassle... If I have to change something, I would ask them to increase product stock so they are not out of stock",really good service sometimes need order something immediately due emergency sometimes need order night times choice deliver quick hassle change something would ask increase product stock stock,Product & Category Exploration,Discusses user journey in exploring new categories and catalog variety.,https://play.google.com/store/apps/details?id=com.grofers.customerapp&reviewId=cf650cfd-528a-42e9-8b9c-027294449513
Play Store,2026-06-03,1,"It is a terrible experience they always scam regarding the time and product and brag when they deliver on time. blinkit is better if you can wait but don't trust the product to be delivered on time and check the quality after delivery, I used to like it so much in beginning that I used it to even order what I can get easily whithin 5-10 minutes but now I'm just getting fed-up. thank you blinkit....",terrible experience always scam regarding time product brag deliver time blinkit better wait dont trust product delivered time check quality delivery used like much beginning used even order get easily whithin 510 minutes im getting fedup thank blinkit,"Quality, Trust & Freshness",Examines quality trust barriers that prevent users from exploring fresh categories.,https://play.google.com/store/apps/details?id=com.grofers.customerapp&reviewId=aaee15b4-382d-43fd-beaa-68959a550532
Play Store,2026-06-28,5,the quality of things are not so good if they are sealed with clear plastic then it's fine but if it's open like paperback books the sides of the books are too dirty and the covers are also very much damaged.I reqest BLINKIT to fix this problem. Thank you so much Blinkit for fixing this problem.,quality things good sealed clear plastic fine open like paperback books sides books dirty covers also much damagedi reqest blinkit fix problem thank much blinkit fixing problem,"Quality, Trust & Freshness",Examines quality trust barriers that prevent users from exploring fresh categories.,https://play.google.com/store/apps/details?id=com.grofers.customerapp&reviewId=0f2657ba-7e0e-4361-99bf-8a5efb5309f0
Play Store,2026-05-12,5,"Very nice app Food, electronics, and things come on the time as shown in the app. The employers are good and respectful. They work during the day as well as at night. They just complete our wishes to buy things from the blinkit app. Such a good app I have ever seen. I literally love this app. And I will be a regular customer of this app. Thanks blinkit app",nice app food electronics things come time shown app employers good respectful work day well night complete wishes buy things blinkit app good app ever seen literally love app regular customer app thanks blinkit app,Repeat Purchase & Habits,Discusses recurring/habitual purchase patterns and daily grocery routines.,https://play.google.com/store/apps/details?id=com.grofers.customerapp&reviewId=163cd615-801f-4011-a08e-863362cbb360
Play Store,2026-05-28,1,"The order delivery service is very poor. It always takes longer than the time shown. For example, if it shows 11 minutes, after some time it becomes 15 minutes, and even then the order does not arrive within 15 minutes. I would suggest improving your delivery service and giving customers the actual delivery time from the beginning.",order delivery service poor always takes longer time shown example shows 11 minutes time becomes 15 minutes even order arrive within 15 minutes would suggest improving delivery service giving customers actual delivery time beginning,Recommendations & Personalization,Focuses on app-driven product recommendations and personalization.,https://play.google.com/store/apps/details?id=com.grofers.customerapp&reviewId=9a32308c-d35e-45d4-abe0-38d4bb88cdf5
Play Store,2026-05-30,1,"they sell near expiry spoilt items, when I called cs they asked me to contact the next day stating that the store was closed. and on the next day they said partner is not available, this went on for a couple of days untill the return window clos d now they are saying they are not able to do anything. Blinkit is the worst quickcommerce platform. now iam at a loss.",sell near expiry spoilt items called cs asked contact next day stating store closed next day said partner available went couple days untill return window clos d saying able anything blinkit worst quickcommerce platform iam loss,"Quality, Trust & Freshness",Examines quality trust barriers that prevent users from exploring fresh categories.,https://play.google.com/store/apps/details?id=com.grofers.customerapp&reviewId=c9fbe176-e566-4d68-a7bf-62e704124b8a
Play Store,2026-05-29,5,Blinkit is a nice delivery app. And their service is super and I get my item under 10 minutes as well . Well done. But you guys need to reduce price a bit but it's acceptable. overall it's good and thanks a lot for this service in this summer and thanks all the riders from blinkit. Specially I use this app for emergency whenever I need something quick👍👍♥️♥️,blinkit nice delivery app service super get item 10 minutes well well done guys need reduce price bit acceptable overall good thanks lot service summer thanks riders blinkit specially use app emergency whenever need something quick,Pricing & Value Influence,Analyzes how pricing and discount structures influence new category trial.,https://play.google.com/store/apps/details?id=com.grofers.customerapp&reviewId=90494ff6-2871-4984-884b-5f4af145da14
Play Store,2026-05-15,1,before order it shows Rs.100/- voucher automatically receive after completing the delivery in this order and in addition you will get one surprise offer by playing some worse game like hitting 3 balls in juggling method. but after completing the delivery there's no Rs.100/- voucher and given one worst offer that no one can use it in life time with that worst deal. worst type of marketing to develop your app.,order shows rs100 voucher automatically receive completing delivery order addition get one surprise offer playing worse game like hitting 3 balls juggling method completing delivery theres rs100 voucher given one worst offer one use life time worst deal worst type marketing develop app,Pricing & Value Influence,Analyzes how pricing and discount structures influence new category trial.,https://play.google.com/store/apps/details?id=com.grofers.customerapp&reviewId=9d0dab39-7a76-41f6-a6ad-04a21cc746f0
Play Store,2026-05-23,5,"Just a friendly suggestion: sometimes we add items to the cart but don’t order them immediately. When we finally want to place the order, the items we need are often out of stock and take a long time to come back. As a result, customers have to switch to other options or let go of the item they wanted. Please try to restock items as early as possible",friendly suggestion sometimes add items cart dont order immediately finally want place order items need often stock take long time come back result customers switch options let go item wanted please try restock items early possible,Product & Category Exploration,Discusses user journey in exploring new categories and catalog variety.,https://play.google.com/store/apps/details?id=com.grofers.customerapp&reviewId=fba54c55-fb63-48a2-9339-c86e3c75bb5a
Play Store,2026-06-22,1,"i have been a regular customer, virtually ordering everything I need from daily essentials to even gadgets from Blinkit, I recently made a purchase, the product was pathetic. they knew that and after my purchase reduced the price by mre than fifty percent, this has happened a few times earlier which I did not heed to, assuming it was a coincidence. please don't take customers for a ride, the application depends on us and no the other way around.",regular customer virtually ordering everything need daily essentials even gadgets blinkit recently made purchase product pathetic knew purchase reduced price mre fifty percent happened times earlier heed assuming coincidence please dont take customers ride application depends us way around,Repeat Purchase & Habits,Discusses recurring/habitual purchase patterns and daily grocery routines.,https://play.google.com/store/apps/details?id=com.grofers.customerapp&reviewId=bc05aa8d-e798-492a-92cd-70585a8b120c
Play Store,2026-05-10,4,"best app ever as it makes our work easy but the minus point is that it have limited options only. I want to order a football but did'nt like and when I scrolled down I thought I might get some other options but did'nt get any other. But still, one of the best app ever(for me).",best app ever makes work easy minus point limited options want order football didnt like scrolled thought might get options didnt get still one best app everfor,Product & Category Exploration,Discusses user journey in exploring new categories and catalog variety.,https://play.google.com/store/apps/details?id=com.grofers.customerapp&reviewId=d9af2b01-a9de-459f-9c30-86e990ed89f1
Play Store,2026-07-09,1,very very worst experience. Price is very high for many items but it is anyhow manageable but Return option is not available even if it defective one. They don't allow buyer to return. They are taking advantages of customers like me who are attracted by their faster delivery option. Amazon & flipkart are very supportive in returning the item irrespective of returnable or non returnable item.,worst experience price high many items anyhow manageable return option available even defective one dont allow buyer return taking advantages customers like attracted faster delivery option amazon flipkart supportive returning item irrespective returnable non returnable item,Product & Category Exploration,Discusses user journey in exploring new categories and catalog variety.,https://play.google.com/store/apps/details?id=com.grofers.customerapp&reviewId=e216c89e-91e0-4c55-8ec3-df40c6396d98
Play Store,2026-06-06,1,No quality control check before the product leaves from outlet as the milk packets were torn and spilled all over and took the photos at the time of delivery Which was cleaned. And later when i try to raise a complaint through help desk its asking to take fresh pics.. Wow what a shame. No option of uploading the pics from gallery.,quality control check product leaves outlet milk packets torn spilled took photos time delivery cleaned later try raise complaint help desk asking take fresh pics wow shame option uploading pics gallery,Repeat Purchase & Habits,Discusses recurring/habitual purchase patterns and daily grocery routines.,https://play.google.com/store/apps/details?id=com.grofers.customerapp&reviewId=2004fe8e-a23c-4ba6-990b-5fcbb5bf8d1c
Play Store,2026-07-11,3,"So far so good. (revised after experiencing for a few more orders). To my surprise, Blinkit delivering to my Home town as well, loved the way the store and the delivery partners handling this model, makes life easier, also they maintain a wide variety of products. Only problem is that customer reviews of the product is not available, it only shows ratings.",far good revised experiencing orders surprise blinkit delivering home town well loved way store delivery partners handling model makes life easier also maintain wide variety products problem customer reviews product available shows ratings,Product & Category Exploration,Discusses user journey in exploring new categories and catalog variety.,https://play.google.com/store/apps/details?id=com.grofers.customerapp&reviewId=4f8c310f-7943-4998-9ede-edee1d50932e
Play Store,2026-07-17,2,"certain things in my order was too small (tiny)contrary to the product shown in the app. Also, the price was differing when I opened the app again. Hope better products next time.",certain things order small tinycontrary product shown app also price differing opened app hope better products next time,Pricing & Value Influence,Analyzes how pricing and discount structures influence new category trial.,https://play.google.com/store/apps/details?id=com.grofers.customerapp&reviewId=38852c46-5467-4b89-a306-16511c31a5b0
Play Store,2026-06-23,1,Worst app. where is my promo code. First delivery damage item and after returning send promo code. Now I am unable to use my promo code. No option visible. I want to raise the issue but every time I return back to the main menu.,worst app promo code first delivery damage item returning send promo code unable use promo code option visible want raise issue every time return back main menu,Product & Category Exploration,Discusses user journey in exploring new categories and catalog variety.,https://play.google.com/store/apps/details?id=com.grofers.customerapp&reviewId=6ebdc7d9-e8a8-4030-ba7d-0033b625ea1b
Play Store,2026-06-19,1,"I accidentally added an extra item after placing my order. There was no option to modify or remove the item, even though the order had not yet been packed or dispatched. This was very disappointing and made for a poor customer experience.",accidentally added extra item placing order option modify remove item even though order yet packed dispatched disappointing made poor customer experience,Product & Category Exploration,Discusses user journey in exploring new categories and catalog variety.,https://play.google.com/store/apps/details?id=com.grofers.customerapp&reviewId=eb33f4fc-8b8e-4cac-93d0-cef3351c4d97
Play Store,2026-07-19,5,"I like the service and range of the items available. I recently ordered from its pharma and the way this system is designed is very trustworthy. They are not delivering medicines without prescription, even if they are probiotics. They have an option of online doctor consultation. This service is highly commendable.",like service range items available recently ordered pharma way system designed trustworthy delivering medicines without prescription even probiotics option online doctor consultation service highly commendable,Product & Category Exploration,Discusses user journey in exploring new categories and catalog variety.,https://play.google.com/store/apps/details?id=com.grofers.customerapp&reviewId=1381920e-67d3-4ce5-a31b-b9288063ef10
Play Store,2026-06-17,1,"my first order, took me almost an hour to order one single order, app was glitching, restarting again and again and again and again and again and again and again and again and again. worst ordering experience of my life across all e-commerce platforms. Do better, even 1 star ⭐ feels like a big giveaway from me to you... pathetic service quality of your app..",first order took almost hour order one single order app glitching restarting worst ordering experience life across ecommerce platforms better even 1 star feels like big giveaway pathetic service quality app,"Quality, Trust & Freshness",Examines quality trust barriers that prevent users from exploring fresh categories.,https://play.google.com/store/apps/details?id=com.grofers.customerapp&reviewId=6443e838-dad8-4e61-9351-ea31b21ae29b
Play Store,2026-05-08,3,this apps is very useful and convenient but there is one major problem its electronics are not very good it doesn't even have school project things like sort of bulb holders or mini motors and the electronics are not of very good quality 😕 hear me out you have to do some quite working on your electronic system trust me then it will be much better,apps useful convenient one major problem electronics good doesnt even school project things like sort bulb holders mini motors electronics good quality hear quite working electronic system trust much better,Search & Navigation Experience,Evaluates the ease of searching and finding products inside the catalog.,https://play.google.com/store/apps/details?id=com.grofers.customerapp&reviewId=93761295-e95f-43eb-a6a4-de3033ab46aa
Play Store,2026-06-10,1,I used to order a lot from this app but suddenly I started receiving rotten and spoiled items and hence stopped using this app and switched back to my local kirana shop and vegetable vendor.....the experience was pathetic and it couldn't be more worst also the query section doesn't work they ask us to email our query which is again very hectic.,used order lot app suddenly started receiving rotten spoiled items hence stopped using app switched back local kirana shop vegetable vendorthe experience pathetic couldnt worst also query section doesnt work ask us email query hectic,"Quality, Trust & Freshness",Examines quality trust barriers that prevent users from exploring fresh categories.,https://play.google.com/store/apps/details?id=com.grofers.customerapp&reviewId=723ff25c-ff65-48fe-9f83-af1fef996dce
Play Store,2026-05-10,1,"Blinkit is completely useless in Borda Margao. For over a week it shows “currently unavailable” all day and night. What’s the point of listing great prices if you can’t order anything? It’s misleading and a waste of time. Every time I open the app it’s the same nonsense. No proper way to complain either, just limited options and even a character limit. At this point the app is as good as uninstalling. Fix your service or stop pretending to operate here. edit: again it's unavailable!!",blinkit completely useless borda margao week shows currently unavailable day night whats point listing great prices cant order anything misleading waste time every time open app nonsense proper way complain either limited options even character limit point app good uninstalling fix service stop pretending operate edit unavailable,Product & Category Exploration,Discusses user journey in exploring new categories and catalog variety.,https://play.google.com/store/apps/details?id=com.grofers.customerapp&reviewId=2be4f380-eddc-490d-8703-190ca32c0a78
Play Store,2026-05-22,1,I am deleting this freaking app for my own good i accidentally made order twice one where I had paid on door step and one where I have already paid through online. here cancelling of order is very annoying like it's not even convenient to cancel the order like what the heck . I mean I had to call the delivery partner and cancel it. i selected promo code by mistake and it don't even have reconfirmation and now I can't change it cash,deleting freaking app good accidentally made order twice one paid door step one already paid online cancelling order annoying like even convenient cancel order like heck mean call delivery partner cancel selected promo code mistake dont even reconfirmation cant change cash,Pricing & Value Influence,Analyzes how pricing and discount structures influence new category trial.,https://play.google.com/store/apps/details?id=com.grofers.customerapp&reviewId=7593e26f-35ce-4cf7-bc98-12cef5da73ab
Play Store,2026-06-17,4,"not 5 stars because if you are in time crunch this will come in heady, it should add more options for example:- it offers chips at 40₹ for a big packet instead it could try making a bundle of 4 10₹ packets of different varieties or let you choose that variety and buy that way",5 stars time crunch come heady add options example offers chips 40 big packet instead could try making bundle 4 10 packets different varieties let choose variety buy way,Product & Category Exploration,Discusses user journey in exploring new categories and catalog variety.,https://play.google.com/store/apps/details?id=com.grofers.customerapp&reviewId=185149b5-aca7-478a-836c-6c175b789b1b
Play Store,2026-07-04,5,"The app is good, but there's one major issue. There is no option to write a custom complaint or feedback. Users are forced to choose only from predefined options, which makes it impossible to explain a different issue or share a useful suggestion. Please add a free-text feedback/complaint option so customers can properly communicate their concerns and suggestions.",app good theres one major issue option write custom complaint feedback users forced choose predefined options makes impossible explain different issue share useful suggestion please add freetext feedbackcomplaint option customers properly communicate concerns suggestions,Product & Category Exploration,Discusses user journey in exploring new categories and catalog variety.,https://play.google.com/store/apps/details?id=com.grofers.customerapp&reviewId=336dfe61-06e5-446a-a30c-f2330266696c
Play Store,2026-07-05,1,blinkit is a third class app when you want to return some defective product they refer you to product brand for resolution means you purchase from blinkit and then wander to all the place s to get your defective product returned or replaced .better to shop from local shop if you don't want to loose your hard earned money they just cheat you by sending defective item and not getting it back within a period of day one even.,blinkit third class app want return defective product refer product brand resolution means purchase blinkit wander place get defective product returned replaced better shop local shop dont want loose hard earned money cheat sending defective item getting back within period day one even,Brand Switching,Discusses shifting preferences from one brand to another or brand substitution.,https://play.google.com/store/apps/details?id=com.grofers.customerapp&reviewId=f27a5a4e-0e30-4ce6-8374-cd44655fc8e8
Play Store,2026-07-20,4,"Easy hassle free delivery. Majority of the items are of good quality, but sometimes the fruits or vegetables are stale & absolutely a waste a money & some sealed bottled items are in a dirty muddy condition, otherwise the delivery partners are polite. & happy to see the delivery partners aren't rushed & take their time as have always been concerned about those quick delivery timings.",easy hassle free delivery majority items good quality sometimes fruits vegetables stale absolutely waste money sealed bottled items dirty muddy condition otherwise delivery partners polite happy see delivery partners arent rushed take time always concerned quick delivery timings,"Quality, Trust & Freshness",Examines quality trust barriers that prevent users from exploring fresh categories.,https://play.google.com/store/apps/details?id=com.grofers.customerapp&reviewId=0dc6d06a-28dd-4823-b71c-5f9d32e23122
Play Store,2026-07-04,5,Should add more discounts and coupons . But I got a creative idea play a mini game and the amount of score will decide the amount of off u get. But the delivery is rapid fast like I thought guests have arrived becuz I ordered it like 5 minutes ago.,add discounts coupons got creative idea play mini game amount score decide amount u get delivery rapid fast like thought guests arrived becuz ordered like 5 minutes ago,Pricing & Value Influence,Analyzes how pricing and discount structures influence new category trial.,https://play.google.com/store/apps/details?id=com.grofers.customerapp&reviewId=d7f4b349-cda9-4a6a-a5ba-59dd25492f87
Play Store,2026-06-16,4,"Love to shop on blinkit. lots of variety, offers and fast delivery. My preferred app. Packing needs improvement,chips packs are flat, snacks are crushed inside packs sometimes. Carrots are still horrible. Meat was stinking as it was not stored at right temperatures. Pls improve. Still only Blinkit for me. Delivery persons are very polite and smooth. Tq",love shop blinkit lots variety offers fast delivery preferred app packing needs improvementchips packs flat snacks crushed inside packs sometimes carrots still horrible meat stinking stored right temperatures pls improve still blinkit delivery persons polite smooth tq,Product & Category Exploration,Discusses user journey in exploring new categories and catalog variety.,https://play.google.com/store/apps/details?id=com.grofers.customerapp&reviewId=aabdcb20-2669-4c72-bf38-269f75f9cf65
Play Store,2026-05-18,4,"The rate and price of the productd are on the mrp, means there is no discount at all but if you need it in 10 to 15 minutes so it is great. Just i want blinkit to work on the discount and prices to be low. But the products and the policy of 10 to 15 minutes is great. i really appreciate. thankyou! 😊",rate price productd mrp means discount need 10 15 minutes great want blinkit work discount prices low products policy 10 15 minutes great really appreciate thankyou,Pricing & Value Influence,Analyzes how pricing and discount structures influence new category trial.,https://play.google.com/store/apps/details?id=com.grofers.customerapp&reviewId=62dafbec-60dc-43bb-a631-da314301f5cd
Play Store,2026-07-16,1,"You delivered rotten sweet potatoes. It was obvious that they were spoiled, yet they were packed and sent to me. The moment I opened the package, a rotten, mushy piece fell out with a horrible smell. Do you not check the quality of the products before packing and dispatching them? This is completely unacceptable.",delivered rotten sweet potatoes obvious spoiled yet packed sent moment opened package rotten mushy piece fell horrible smell check quality products packing dispatching completely unacceptable,"Quality, Trust & Freshness",Examines quality trust barriers that prevent users from exploring fresh categories.,https://play.google.com/store/apps/details?id=com.grofers.customerapp&reviewId=4357f07e-e053-467c-8479-4bea9bf006f8
Play Store,2026-07-19,4,the app is good but it doesn't deliver to my locality but it delivers to the areas which is 4 km apart so I wanted this app in ranipatra my locality because it has a variety of products from snacks to daily essentials so I request you to please deliver in my area.,app good doesnt deliver locality delivers areas 4 km apart wanted app ranipatra locality variety products snacks daily essentials request please deliver area,Repeat Purchase & Habits,Discusses recurring/habitual purchase patterns and daily grocery routines.,https://play.google.com/store/apps/details?id=com.grofers.customerapp&reviewId=65bf4876-da0d-4e90-956c-99fbb513a261
Play Store,2026-07-25,4,"price of maximum items is same as print rate and carry bag is not according to quantity of ordered items. Price on Amazon is less but blinkit provides ordered items within 20 minutes. Variety of items should be more.Carry bag for milk,curd,lassi should be of plastic as it affects other items ordered with these items.",price maximum items print rate carry bag according quantity ordered items price amazon less blinkit provides ordered items within 20 minutes variety items morecarry bag milkcurdlassi plastic affects items ordered items,Repeat Purchase & Habits,Discusses recurring/habitual purchase patterns and daily grocery routines.,https://play.google.com/store/apps/details?id=com.grofers.customerapp&reviewId=0060b53e-77f0-4c21-b364-5611b8903129
Play Store,2026-07-20,1,"My experience with Blinkit has been extremely disappointing and concerning. I ordered ice cream, and although it arrived frozen, it was obvious that it had melted previously and had been re-frozen before delivery. The texture and condition clearly indicated this. I immediately provided Blinkit with photos and videos as evidence. This is not just a quality issue—it raises serious food safety concerns. Ice cream is a dairy product, and if it melts and is then re-frozen, it can become unsafe to",experience blinkit extremely disappointing concerning ordered ice cream although arrived frozen obvious melted previously refrozen delivery texture condition clearly indicated immediately provided blinkit photos videos evidence quality issueit raises serious food safety concerns ice cream dairy product melts refrozen become unsafe,"Quality, Trust & Freshness",Examines quality trust barriers that prevent users from exploring fresh categories.,https://play.google.com/store/apps/details?id=com.grofers.customerapp&reviewId=cac6f4af-4134-4237-b187-afac97058f46
Play Store,2026-07-19,1,"Worst app ever, no option to complain the replaced items which is still dirty, Item was replaced for providing expiry and dirty product, replaced item was in worst condition than previous yet I had no option to complain about it.",worst app ever option complain replaced items still dirty item replaced providing expiry dirty product replaced item worst condition previous yet option complain,Product & Category Exploration,Discusses user journey in exploring new categories and catalog variety.,https://play.google.com/store/apps/details?id=com.grofers.customerapp&reviewId=0dc58e0b-501a-45ac-bab4-c5a4b2972561
Play Store,2026-07-05,1,this informed you all to. some time. these type of company doing scam with customers. they auto add the tip option in all the orders ??? who permit to them to this? and. I am unable to remove this. in single order we are unable to check deeply that tip was added in all the orders..this is worst experience.. i such.. thinking about that . not to do order this is my last order..,informed time type company scam customers auto add tip option orders permit unable remove single order unable check deeply tip added ordersthis worst experience thinking order last order,Product & Category Exploration,Discusses user journey in exploring new categories and catalog variety.,https://play.google.com/store/apps/details?id=com.grofers.customerapp&reviewId=512ef8f2-7e0c-40d3-8a24-340b17ae4aa2
Play Store,2026-05-17,1,"Hi everyone, I have noticed there careless behavior about delivering frozen items or anything. I am unable to understand that why are they charging us handling and delivery fees. I request the team to keep a check on this issue. and improve it.",hi everyone noticed careless behavior delivering frozen items anything unable understand charging us handling delivery fees request team keep check issue improve,Pricing & Value Influence,Analyzes how pricing and discount structures influence new category trial.,https://play.google.com/store/apps/details?id=com.grofers.customerapp&reviewId=c34c78ff-2649-4185-b6f9-a68b3c24ae4d
Play Store,2026-07-03,1,"Dear Blanket Team, I am extremely disappointed with the condition in which my order was delivered. As shown in the attached photo, the package was completely open. This is unacceptable, especially for a hygiene-related product. Customers expect such products to be delivered in a properly sealed, secure, and tamper-proof package. This kind of careless packaging raises serious concerns about the product's safety, cleanliness, and quality.",dear blanket team extremely disappointed condition order delivered shown attached photo package completely open unacceptable especially hygienerelated product customers expect products delivered properly sealed secure tamperproof package kind careless packaging raises serious concerns products safety cleanliness quality,"Quality, Trust & Freshness",Examines quality trust barriers that prevent users from exploring fresh categories.,https://play.google.com/store/apps/details?id=com.grofers.customerapp&reviewId=26cecb44-df22-4a5f-a827-f668b020b19a
Play Store,2026-06-02,5,Blinkit is good but a issue happened. My order was suddenly cancelled ten minutes after the delivery partner picked it up. This happened through no fault of my own. Please investigate this issue immediately. Thank you. Edit: Please kindly give me option of cash on delivery back .,blinkit good issue happened order suddenly cancelled ten minutes delivery partner picked happened fault please investigate issue immediately thank edit please kindly give option cash delivery back,Product & Category Exploration,Discusses user journey in exploring new categories and catalog variety.,https://play.google.com/store/apps/details?id=com.grofers.customerapp&reviewId=2c9e2490-4a4b-4398-81b9-d459b7ba263e
Play Store,2026-05-21,1,"very bad experience it's been more than 10 minutes ,order is still showing that it will take 10 minutes ,if it is not possible to deliver than why did you took my order , unhappy with virtual assistant also , giving limited help option which is not working at all , I'm not going to use blinkit in future ,I have ordered water and they didn't give me any cold water option also , they only showed eagerness in deducting 100% more amount , that too on essential items",bad experience 10 minutes order still showing take 10 minutes possible deliver took order unhappy virtual assistant also giving limited help option working im going use blinkit future ordered water didnt give cold water option also showed eagerness deducting 100 amount essential items,Product & Category Exploration,Discusses user journey in exploring new categories and catalog variety.,https://play.google.com/store/apps/details?id=com.grofers.customerapp&reviewId=807252d0-3c78-45fe-8099-b6c58b511167
Play Store,2026-06-19,1,"I have ordered a mouse trap. It was defective and the product quality is also too weak. I request to return the product many times. but either there is no response or no resolution of the problem. Truly, the return policy is too bad.",ordered mouse trap defective product quality also weak request return product many times either response resolution problem truly return policy bad,"Quality, Trust & Freshness",Examines quality trust barriers that prevent users from exploring fresh categories.,https://play.google.com/store/apps/details?id=com.grofers.customerapp&reviewId=5fd786ab-2ba7-480d-b25e-bdbd8f48a2c6
Play Store,2026-07-15,1,"Every time I order bread, I regret it. They always crush the bread by packaging it under the items. Otherwise they are fine. Adding to this review after many months : bread delivery is still the worst.",every time order bread regret always crush bread packaging items otherwise fine adding review many months bread delivery still worst,Repeat Purchase & Habits,Discusses recurring/habitual purchase patterns and daily grocery routines.,https://play.google.com/store/apps/details?id=com.grofers.customerapp&reviewId=945269cc-5d4f-439e-9438-8f95ba0599e8
Play Store,2026-07-06,1,"I have given 1 star for no option for zero start. Worst App which shows the offers for dawaat rice. when I buy it unnecessary coupons are given. which shows me earlier buds, smart watch, air fryer, zomato voucher. After my order it gives me unnecessary coupons. what can I do with it.",given 1 star option zero start worst app shows offers dawaat rice buy unnecessary coupons given shows earlier buds smart watch air fryer zomato voucher order gives unnecessary coupons,Product & Category Exploration,Discusses user journey in exploring new categories and catalog variety.,https://play.google.com/store/apps/details?id=com.grofers.customerapp&reviewId=c9133daa-f526-48c3-ba52-f77d712b5d71
Play Store,2026-07-08,1,"I had a very bad experience with Blinkit. I purchased a product that appears to be used and is not working properly. I would like to return the item. I also want to raise a complaint regarding one of your executives, Rajveer. He does not know how to speak with customers or understand customer concerns. His behavior was very rude and unprofessional. @Blinkit Team, kindly look into this matter and take the necessary action. I expect a prompt resolution.",bad experience blinkit purchased product appears used working properly would like return item also want raise complaint regarding one executives rajveer know speak customers understand customer concerns behavior rude unprofessional blinkit team kindly look matter take necessary action expect prompt resolution,Recommendations & Personalization,Focuses on app-driven product recommendations and personalization.,https://play.google.com/store/apps/details?id=com.grofers.customerapp&reviewId=e55d87fb-d05f-4557-97cf-389e3662149b
Play Store,2026-05-08,5,"So far very good experience with Blinkit. I would rate it on top of all the other apps in the market, the only thing required is good discounts offers & coupons in comparison with other service providers in the market.",far good experience blinkit would rate top apps market thing required good discounts offers coupons comparison service providers market,Pricing & Value Influence,Analyzes how pricing and discount structures influence new category trial.,https://play.google.com/store/apps/details?id=com.grofers.customerapp&reviewId=4a06e7ec-7729-46dc-a3b0-86605e46234b
Play Store,2026-07-13,3,it is good but prices are high and they aren't giving coupons sometimes they are giving expired products too but it is an instant mediator to get more products without waiting too much this is a great app anyway and take care of these points....🙂,good prices high arent giving coupons sometimes giving expired products instant mediator get products without waiting much great app anyway take care points,Pricing & Value Influence,Analyzes how pricing and discount structures influence new category trial.,https://play.google.com/store/apps/details?id=com.grofers.customerapp&reviewId=636d7b7e-6411-4e29-85f5-a42373903a6d
Play Store,2026-05-17,4,Few items are regularly unavailable especially Spring onions. Choice of vegetables can be increased. Appreciate the delivery time. Please chk the date of expiry before delivery. Have had bad experiences of receiving items with date of expiry very near.,items regularly unavailable especially spring onions choice vegetables increased appreciate delivery time please chk date expiry delivery bad experiences receiving items date expiry near,Product & Category Exploration,Discusses user journey in exploring new categories and catalog variety.,https://play.google.com/store/apps/details?id=com.grofers.customerapp&reviewId=799305c2-dd41-4db7-bf2f-7eae7c126632
Play Store,2026-07-16,1,"Many food items like dry fruits are being sold without any relevant information. There is no manufacturing or expiry date and weight on many items. I have brought it to the notice of the FSSAI on ""X"". This has raised doubts in the minds of the consumers.",many food items like dry fruits sold without relevant information manufacturing expiry date weight many items brought notice fssai x raised doubts minds consumers,"Quality, Trust & Freshness",Examines quality trust barriers that prevent users from exploring fresh categories.,https://play.google.com/store/apps/details?id=com.grofers.customerapp&reviewId=225ba47e-348d-43fd-8db9-23ad0906fe4b
Play Store,2026-07-25,1,It's very unprofessional how blinkit indirectly denies to cancel your order by charging a cancellation fee. It's not that difficult for them to cancel any order just 10-15 secs after placing it. Thumbs down Blinkit 👎,unprofessional blinkit indirectly denies cancel order charging cancellation fee difficult cancel order 1015 secs placing thumbs blinkit,Pricing & Value Influence,Analyzes how pricing and discount structures influence new category trial.,https://play.google.com/store/apps/details?id=com.grofers.customerapp&reviewId=f54ac039-96cd-424c-9684-ac3d96b7145b
Play Store,2026-07-07,4,"This is very good because the goods arrive immediately in times of emergency🙏🥰 but one I face a problem, whenever I search for anything, the picture of the product does not show until I click on it completely and open it.",good goods arrive immediately times emergency one face problem whenever search anything picture product show click completely open,Search & Navigation Experience,Evaluates the ease of searching and finding products inside the catalog.,https://play.google.com/store/apps/details?id=com.grofers.customerapp&reviewId=5aaf086b-a11c-44a1-a8f3-9f41c0507cce
Play Store,2026-06-26,3,"While their is a wide variety of products, many of there delivery staff delays the orders excessively. Recently I faced a situation where the expected time was 10 minutes and yet it had taken them 30 minutes to deliver the order.",wide variety products many delivery staff delays orders excessively recently faced situation expected time 10 minutes yet taken 30 minutes deliver order,Product & Category Exploration,Discusses user journey in exploring new categories and catalog variety.,https://play.google.com/store/apps/details?id=com.grofers.customerapp&reviewId=f3bd3850-e5ec-4d69-9a7b-55c8038fc8a0
Play Store,2026-05-21,1,"I bought eggs and a bottle cleaning kit. Had I seen these products in an offline store, I would never have purchased them. The egg packaging was already opened, making the quality of the eggs doubtful. Also, the bottle cleaning brush is too large to clean bottles and seems more suitable for cleaning buckets. So very poor experience just wastage of money since you can't use the product you bought it for. good bye blinket, feeling cheated",bought eggs bottle cleaning kit seen products offline store would never purchased egg packaging already opened making quality eggs doubtful also bottle cleaning brush large clean bottles seems suitable cleaning buckets poor experience wastage money since cant use product bought good bye blinket feeling cheated,Repeat Purchase & Habits,Discusses recurring/habitual purchase patterns and daily grocery routines.,https://play.google.com/store/apps/details?id=com.grofers.customerapp&reviewId=073c7c82-9914-4358-a3c6-49b8ec566ff0
Play Store,2026-07-09,1,"This is my favorite app, but I'm still giving it only one star because every time the delivery partner arrives with my order, they keep calling me, but the call gets disconnected automatically. As a result, the delivery person has to keep waiting outside, and I don't even realize that they've arrived to hand over my order. This leads to unnecessary arguments, and the delivery partner also suffers by having to wait in the heat. It's a really bad experience.",favorite app im still giving one star every time delivery partner arrives order keep calling call gets disconnected automatically result delivery person keep waiting outside dont even realize theyve arrived hand order leads unnecessary arguments delivery partner also suffers wait heat really bad experience,Wishlist & Favourites,"Discusses wishlisting, bookmarking, or saving products for later.",https://play.google.com/store/apps/details?id=com.grofers.customerapp&reviewId=d50ba1b1-5e56-412f-a333-611ead5b2df6
Play Store,2026-06-23,2,"Packaging quality is really low. I received dirty and leaky packets, and the delivery guys never have change. For example, if the bill is 460 and I give a 500 rupee note, they don't have 40-50 rupees in change and always ask for online transfers. There are no cash-friendly transactions.",packaging quality really low received dirty leaky packets delivery guys never change example bill 460 give 500 rupee note dont 4050 rupees change always ask online transfers cashfriendly transactions,"Quality, Trust & Freshness",Examines quality trust barriers that prevent users from exploring fresh categories.,https://play.google.com/store/apps/details?id=com.grofers.customerapp&reviewId=84f7c845-0082-44a6-9f95-033fc79025ac
Play Store,2026-06-02,3,app is good and items are reaching on time but unfortunately I ordered wrong size lunchbox recently and there is no option to return.even contacting the helpline they were not at all understanding.i know it's because of policy and handling many people.but not accepting return within 5 min is straight not expected,app good items reaching time unfortunately ordered wrong size lunchbox recently option returneven contacting helpline understandingi know policy handling many peoplebut accepting return within 5 min straight expected,Product & Category Exploration,Discusses user journey in exploring new categories and catalog variety.,https://play.google.com/store/apps/details?id=com.grofers.customerapp&reviewId=6f635e84-05cc-4f75-acde-9788817ede30
Play Store,2026-07-07,4,it is very helpful and but I'm giving them 4 star because some they delay the items so late and some times they increase the price of an item up to 50% for example recently I have ordered toothpaste their the price is shown 99 rupees but they increase it 50% and the price raised up to 180,helpful im giving 4 star delay items late times increase price item 50 example recently ordered toothpaste price shown 99 rupees increase 50 price raised 180,Pricing & Value Influence,Analyzes how pricing and discount structures influence new category trial.,https://play.google.com/store/apps/details?id=com.grofers.customerapp&reviewId=cca7ac9d-65ef-427f-aa43-1ba46bcaf17b
Play Store,2026-06-03,4,"Overall, the service is good, but one issue I’ve noticed is that whenever I order milk, it is often delivered close to its expiry date. I would appreciate it if fresher milk could be provided.",overall service good one issue ive noticed whenever order milk often delivered close expiry date would appreciate fresher milk could provided,Repeat Purchase & Habits,Discusses recurring/habitual purchase patterns and daily grocery routines.,https://play.google.com/store/apps/details?id=com.grofers.customerapp&reviewId=deaa5295-697c-4d5c-a408-56b7ff56cde8
Play Store,2026-07-24,1,horrible packing. I'm used to order in this app. and many times I was disappointed about their packing method.today I picked up my products from outside my home to kitchen becaause of the packing. 3 packs of milk which was refrigerated fall down from the paper bag and other things also fall down from the next bag. atleast they have to pack it in a plastic carry bag. so disappointed,horrible packing im used order app many times disappointed packing methodtoday picked products outside home kitchen becaause packing 3 packs milk refrigerated fall paper bag things also fall next bag atleast pack plastic carry bag disappointed,Repeat Purchase & Habits,Discusses recurring/habitual purchase patterns and daily grocery routines.,https://play.google.com/store/apps/details?id=com.grofers.customerapp&reviewId=525a539b-f343-4c67-a3fd-a742931f246a
Play Store,2026-06-27,2,"Well, the app is really convenient, but eventually I've been noticing that alot product (especially regarding cosmetics) I received are not seal packed, which takes away my trust. please do make sure all the products are sealed packed.",well app really convenient eventually ive noticing alot product especially regarding cosmetics received seal packed takes away trust please make sure products sealed packed,"Quality, Trust & Freshness",Examines quality trust barriers that prevent users from exploring fresh categories.,https://play.google.com/store/apps/details?id=com.grofers.customerapp&reviewId=b0de5c93-52aa-432e-bc74-5a6cd5fce2c1
Play Store,2026-06-30,3,for timing it deserves appreciation..but just today while searching for products such as facewash..I noticed almost none of the products' ingredients were listed. That's very unfair trade practice... that's a sussss.....lack of transparency,timing deserves appreciationbut today searching products facewashi noticed almost none products ingredients listed thats unfair trade practice thats susssslack transparency,Search & Navigation Experience,Evaluates the ease of searching and finding products inside the catalog.,https://play.google.com/store/apps/details?id=com.grofers.customerapp&reviewId=671f8199-cf70-442a-a737-7e8d6d139537
Play Store,2026-06-09,1,"The store does not properly check items before sending them and ends up delivering spoiled products. Today, I received a rotten coconut that was already cracked. The coconut water was leaking into the paper bag, and because of that, the other items I had ordered inside the same bag were also damaged and ruined. I have used this app multiple times and my experience has not been good. There is no proper seriousness in their service. They send incorrect orders, sometimes mixing up orders between",store properly check items sending ends delivering spoiled products today received rotten coconut already cracked coconut water leaking paper bag items ordered inside bag also damaged ruined used app multiple times experience good proper seriousness service send incorrect orders sometimes mixing orders,"Quality, Trust & Freshness",Examines quality trust barriers that prevent users from exploring fresh categories.,https://play.google.com/store/apps/details?id=com.grofers.customerapp&reviewId=f59af4e3-7948-49c6-9657-6bf52da09fec
Play Store,2026-05-24,4,everything is very nice... the service is too good and pretty fast .. the delivery man behaves well.... prices are okay.... but many items are not available in smaller quantities like everything is like 1kg 1L like that... smaller quantities aren't available....rest is good,everything nice service good pretty fast delivery man behaves well prices okay many items available smaller quantities like everything like 1kg 1l like smaller quantities arent availablerest good,Pricing & Value Influence,Analyzes how pricing and discount structures influence new category trial.,https://play.google.com/store/apps/details?id=com.grofers.customerapp&reviewId=76538bac-e8ca-4995-ab45-64ad7e7a1252
Play Store,2026-05-23,4,"so far so good, variety of options, sometimes in our city some items don't get stocked again like exotic vegetables which is sad but rest is good, also don't make it a 10 minute delivery app, it's cool even if we get our stuff in an hour, don't stress yourselves or your riders 😊",far good variety options sometimes city items dont get stocked like exotic vegetables sad rest good also dont make 10 minute delivery app cool even get stuff hour dont stress riders,Product & Category Exploration,Discusses user journey in exploring new categories and catalog variety.,https://play.google.com/store/apps/details?id=com.grofers.customerapp&reviewId=68eddd72-3dd8-4d2b-ae76-2f70f0c03464
Play Store,2026-06-11,1,"Do not buy any electronic goods online from Blinkit. They take absolutely no responsibility if your product turns out to be defective after delivery. They will simply deny your request and tell you to contact the brand of the product you purchased. On June 7th, I bought a Zebronics Bluetooth speaker from them, but it has not been charging since day one. Even after charging it for 12 hours, it provides no backup. When I tried to return it, they refused to accept the return .Never buy electronics",buy electronic goods online blinkit take absolutely responsibility product turns defective delivery simply deny request tell contact brand product purchased june 7th bought zebronics bluetooth speaker charging since day one even charging 12 hours provides backup tried return refused accept return never buy electronics,Pricing & Value Influence,Analyzes how pricing and discount structures influence new category trial.,https://play.google.com/store/apps/details?id=com.grofers.customerapp&reviewId=efa10c89-001d-4be7-a371-a48e630c71ac
Play Store,2026-07-17,1,"This is the First time I placed an order i.e ghadi washing soap, and I got very bad experience as 2 soap are missing in it out of total 5 quality, delivery boy came very late and came by bicycle and even they dont showd the product... Their is no return policy is available so one can't return and also you can't directly call to customer also for complaint..... Very Bad 👎 dont buy anything here, Total fraud.",first time placed order ie ghadi washing soap got bad experience 2 soap missing total 5 quality delivery boy came late came bicycle even dont showd product return policy available one cant return also cant directly call customer also complaint bad dont buy anything total fraud,"Quality, Trust & Freshness",Examines quality trust barriers that prevent users from exploring fresh categories.,https://play.google.com/store/apps/details?id=com.grofers.customerapp&reviewId=65f2abb6-90ea-4358-b928-81db22072186
Play Store,2026-05-31,5,"the experience was very good, if you are in a hurry and you get the things in 20 to 30 mins its good than waiting for two in other apps and it also has imported things and all types of things with great offers, i also get vouchers in my every order, it is the best app try even using it once",experience good hurry get things 20 30 mins good waiting two apps also imported things types things great offers also get vouchers every order best app try even using,Pricing & Value Influence,Analyzes how pricing and discount structures influence new category trial.,https://play.google.com/store/apps/details?id=com.grofers.customerapp&reviewId=0b56dd5a-a2bf-4a81-a9f5-33544bd4016f
Play Store,2026-06-17,1,"I had a very disappointing experience with this purchase. The product displayed was BTS Oreo, but what I received was the regular Oreo instead. This feels misleading and unfair. I raised a complaint regarding this issue, but the response I received was inadequate and unhelpful. It seems like a deceptive tactic to sell products. I am disappointed with this experience.",disappointing experience purchase product displayed bts oreo received regular oreo instead feels misleading unfair raised complaint regarding issue response received inadequate unhelpful seems like deceptive tactic sell products disappointed experience,Repeat Purchase & Habits,Discusses recurring/habitual purchase patterns and daily grocery routines.,https://play.google.com/store/apps/details?id=com.grofers.customerapp&reviewId=52da8934-1526-4241-9a2c-154e3b7e739d
Play Store,2026-05-29,5,"I have been using the Blinkit app for several months now, and it is absolutely wonderful. The delivery is incredibly fast—sometimes everything arrives in just 5 to 10 minutes! Whether it's food items or daily essentials, everything is packed properly and delivered safely. A well-deserved 5 stars from my side. I absolutely love this app!",using blinkit app several months absolutely wonderful delivery incredibly fastsometimes everything arrives 5 10 minutes whether food items daily essentials everything packed properly delivered safely welldeserved 5 stars side absolutely love app,Repeat Purchase & Habits,Discusses recurring/habitual purchase patterns and daily grocery routines.,https://play.google.com/store/apps/details?id=com.grofers.customerapp&reviewId=020cd553-dd12-465a-aa1c-e636c7df7a51
Play Store,2026-05-26,5,"Blinkit is so helpful when I move to HYD, it was a life saving app for me, as I was new here, this app helped me a lot for buy things just like that.. I hope this app starts operating in my native place, Assam (Tezpur) also. 'Get everything in just 15-25 min.'☺️ I really want to appreciate their outer packaging, it's always nice to see.. Every time I order something, I find new different activities, games, etc., it makes me smile.. whoever is handling those things, doing awesome work.. keep up👍",blinkit helpful move hyd life saving app new app helped lot buy things like hope app starts operating native place assam tezpur also get everything 1525 min really want appreciate outer packaging always nice see every time order something find new different activities games etc makes smile whoever handling things awesome work keep,Search & Navigation Experience,Evaluates the ease of searching and finding products inside the catalog.,https://play.google.com/store/apps/details?id=com.grofers.customerapp&reviewId=17092fd7-1d8d-41fc-bb67-7127251761f6
Play Store,2026-05-22,2,"Fast delivery but not the best for food and perishables. Every single time i have bought food items, it is either crushed, dirty, spilling or old stock. I dont know if its just the outlet that delivers to Kokapet area, but their stocking sucks. Biscuit packets are crushed and therefore powdered, there is always goo or gunk or spillage on the packets of dosa batter and fridge items, things that were a day away from expiry and in general things just feel like they are not fresh or stocked well",fast delivery best food perishables every single time bought food items either crushed dirty spilling old stock dont know outlet delivers kokapet area stocking sucks biscuit packets crushed therefore powdered always goo gunk spillage packets dosa batter fridge items things day away expiry general things feel like fresh stocked well,"Quality, Trust & Freshness",Examines quality trust barriers that prevent users from exploring fresh categories.,https://play.google.com/store/apps/details?id=com.grofers.customerapp&reviewId=87fde339-2f0a-4384-8cd3-cb2adeec43b9
Play Store,2026-07-19,5,i love your services i ordered something it have some issue so I had to return the product. returning process was so smooth within 10 minutes the rider came to pick up the order they generate a promo code for me in minutes,love services ordered something issue return product returning process smooth within 10 minutes rider came pick order generate promo code minutes,Pricing & Value Influence,Analyzes how pricing and discount structures influence new category trial.,https://play.google.com/store/apps/details?id=com.grofers.customerapp&reviewId=b4215959-e87b-41c7-89ad-74fec4cc3570
Play Store,2026-06-09,1,"There service was good in the beginning now its getting worst and nowhere to write a complaint. such a disappointment 😞 I have been a loyal customer for years my last order includes the most delicate items like bread biscuits noodles along with most dense items like watermelon to my surprise all the 17 items got delivered tightly in one bag with heavy items on top of my roach infested bread and crumbled biscuits. this is not it, i have many more bad incidents in my past too.",service good beginning getting worst nowhere write complaint disappointment loyal customer years last order includes delicate items like bread biscuits noodles along dense items like watermelon surprise 17 items got delivered tightly one bag heavy items top roach infested bread crumbled biscuits many bad incidents past,Repeat Purchase & Habits,Discusses recurring/habitual purchase patterns and daily grocery routines.,https://play.google.com/store/apps/details?id=com.grofers.customerapp&reviewId=7a61c38b-3780-492a-9b2a-6368da73b431
Play Store,2026-07-25,4,"Prices are the same as Market rates and honestly, sometimes i can buy things which I can't find in market and that makes blinkit way better in my eyes. i like it.",prices market rates honestly sometimes buy things cant find market makes blinkit way better eyes like,Search & Navigation Experience,Evaluates the ease of searching and finding products inside the catalog.,https://play.google.com/store/apps/details?id=com.grofers.customerapp&reviewId=2c0b795b-7d72-493c-b13f-4dcdc8dc0e9d
Play Store,2026-05-19,4,Very helpful app for ordering quick deliveries and a wide variety to choose from. Quick and good service in terms of time. Sometimes vegetables are not fresh (received rotten onions twice). Also they could provide more margin in discount.,helpful app ordering quick deliveries wide variety choose quick good service terms time sometimes vegetables fresh received rotten onions twice also could provide margin discount,Product & Category Exploration,Discusses user journey in exploring new categories and catalog variety.,https://play.google.com/store/apps/details?id=com.grofers.customerapp&reviewId=7ae67250-a862-4cf9-84ad-706482307de9
Play Store,2026-07-04,1,"I love it BUT you literally let chicken sellers to sell rotten products. please , please take some actions on it. and I'll revert my rating to 5 star as apart from this and having curdled milk. it's great and I loved using it. but the chicken experience just , arm twisted my experience.",love literally let chicken sellers sell rotten products please please take actions ill revert rating 5 star apart curdled milk great loved using chicken experience arm twisted experience,Repeat Purchase & Habits,Discusses recurring/habitual purchase patterns and daily grocery routines.,https://play.google.com/store/apps/details?id=com.grofers.customerapp&reviewId=80263753-3d61-47b5-93cd-f0066ac41842
Play Store,2026-07-01,5,service is good efficient and prompt. But problem is to return or replace items if goods are found not in order or damaged. This issue must be seen. Normally everything is good but if once a time it happens then what to do.,service good efficient prompt problem return replace items goods found order damaged issue must seen normally everything good time happens,Recommendations & Personalization,Focuses on app-driven product recommendations and personalization.,https://play.google.com/store/apps/details?id=com.grofers.customerapp&reviewId=6c8c23ce-bbf2-4140-9252-8e414f96cdac
Play Store,2026-06-18,1,I had placed the order 40 minutes ago and till now I don't know anything. I am calling my delivery partner by going to the manual option of the blanket but their blanket system is making the call automatically.,placed order 40 minutes ago till dont know anything calling delivery partner going manual option blanket blanket system making call automatically,Product & Category Exploration,Discusses user journey in exploring new categories and catalog variety.,https://play.google.com/store/apps/details?id=com.grofers.customerapp&reviewId=cf1bcfc3-e32a-44c3-b18e-a48a51c7a216
Play Store,2026-07-11,4,"Really love the vast range of product available and that too on regular basis , blinkit was first plateform and are still on top in terms of product range and swift delivery. consistent improvement visible.",really love vast range product available regular basis blinkit first plateform still top terms product range swift delivery consistent improvement visible,Repeat Purchase & Habits,Discusses recurring/habitual purchase patterns and daily grocery routines.,https://play.google.com/store/apps/details?id=com.grofers.customerapp&reviewId=3104712b-67e3-4886-ab0a-07c8d4c5bc54
Play Store,2026-07-15,5,the service is great and you could find every product even if it's imported here . it's easy to use time saving . overall it's a great app,service great could find every product even imported easy use time saving overall great app,Search & Navigation Experience,Evaluates the ease of searching and finding products inside the catalog.,https://play.google.com/store/apps/details?id=com.grofers.customerapp&reviewId=083e6b45-2d13-4cd2-aa84-c2eb78a4e143
Play Store,2026-06-20,5,"love the experience I love the quality also the drinks came chilled and there were no damaged items. which is actually a good thing. the delevery time is also max 10-15 mins only so best for emergencies or smth... lastly, I love blinkit and its services.",love experience love quality also drinks came chilled damaged items actually good thing delevery time also max 1015 mins best emergencies smth lastly love blinkit services,"Quality, Trust & Freshness",Examines quality trust barriers that prevent users from exploring fresh categories.,https://play.google.com/store/apps/details?id=com.grofers.customerapp&reviewId=0e49a1b8-c09c-4c79-8b9a-72e3aea102f8
Play Store,2026-06-23,5,"its nice app, great in all terms except the part where riders have a cash limit . I often find difficulty if orders are placed at evening as riders have limited cash limit . maybe make it every 12 hours , it reset and they have to deposit collected cash at their main store or something",nice app great terms except part riders cash limit often find difficulty orders placed evening riders limited cash limit maybe make every 12 hours reset deposit collected cash main store something,Search & Navigation Experience,Evaluates the ease of searching and finding products inside the catalog.,https://play.google.com/store/apps/details?id=com.grofers.customerapp&reviewId=e95be445-9a37-420c-81f5-bc295523c7b4
Play Store,2026-07-09,4,"Great experience overall! The delivery was quick, the app is easy to use, and most products were fresh and well-packed. Prices are reasonable, and the service is very convenient. a reliable app for everyday shopping.",great experience overall delivery quick app easy use products fresh wellpacked prices reasonable service convenient reliable app everyday shopping,Repeat Purchase & Habits,Discusses recurring/habitual purchase patterns and daily grocery routines.,https://play.google.com/store/apps/details?id=com.grofers.customerapp&reviewId=ec319ceb-588c-4592-873f-b66e31e3fa6a
Play Store,2026-06-14,1,"awesome app , I got my order within 5to 6 minutes.major problem is the return of the order.If the blinkit add option directly cancels or returns, then this app is great. because many times people order the wrong thing in a hurry so there is so so there is a problem with return, no option.",awesome app got order within 5to 6 minutesmajor problem return orderif blinkit add option directly cancels returns app great many times people order wrong thing hurry problem return option,Product & Category Exploration,Discusses user journey in exploring new categories and catalog variety.,https://play.google.com/store/apps/details?id=com.grofers.customerapp&reviewId=0d5d151e-b69e-4ef8-b503-9ba80e9d6ab0
Play Store,2026-05-27,5,"Really quick service, many options available for the items we need. Once there was a problem in the number of items that we ordered compared to the items delivered - proper resolution was provided & it has never occurred again.",really quick service many options available items need problem number items ordered compared items delivered proper resolution provided never occurred,Product & Category Exploration,Discusses user journey in exploring new categories and catalog variety.,https://play.google.com/store/apps/details?id=com.grofers.customerapp&reviewId=2ab31a44-3ee4-4e71-8d36-7acdc1f847f2
Play Store,2026-06-12,5,"GUYSS DID YK if you type random letters like a toddler or baby typing it shows chocolates and snacks!! (type longerrr to see results). lovely marketing and only found in blinkit ... whether it's midnight cravings or the morning i need something for a project or anything blinkit is there for rescue , 24/7 available sometimes, and the things available are increasing day by day , my favourite app EVERRRR",guyss yk type random letters like toddler baby typing shows chocolates snacks type longerrr see results lovely marketing found blinkit whether midnight cravings morning need something project anything blinkit rescue 247 available sometimes things available increasing day day favourite app everrrr,Repeat Purchase & Habits,Discusses recurring/habitual purchase patterns and daily grocery routines.,https://play.google.com/store/apps/details?id=com.grofers.customerapp&reviewId=56a50620-e6d3-4264-b272-16c6f7988a47
Play Store,2026-07-29,4,the app is good but the charges are high,app good charges high,Pricing & Value Influence,Analyzes how pricing and discount structures influence new category trial.,https://play.google.com/store/apps/details?id=com.grofers.customerapp
Play Store,2026-07-29,2,"Sometimes, Blinkit does not deliver us the items mentioned in the order summary but charge for that",sometimes blinkit deliver us items mentioned order summary charge,Pricing & Value Influence,Analyzes how pricing and discount structures influence new category trial.,https://play.google.com/store/apps/details?id=com.grofers.customerapp
Play Store,2026-07-29,3,delivery charges are to expensive 😭,delivery charges expensive,Pricing & Value Influence,Analyzes how pricing and discount structures influence new category trial.,https://play.google.com/store/apps/details?id=com.grofers.customerapp
Play Store,2026-07-29,1,randomly got hit with a 30 rs surge charge,randomly got hit 30 rs surge charge,Pricing & Value Influence,Analyzes how pricing and discount structures influence new category trial.,https://play.google.com/store/apps/details?id=com.grofers.customerapp
Play Store,2026-07-29,5,"it comes very quick and is faster than other brands like zepto and Instamart,first club 👍👍👍👍👍",comes quick faster brands like zepto instamartfirst club,Competitor Comparison,Compares shopping experience and category layout with competitor platforms.,https://play.google.com/store/apps/details?id=com.grofers.customerapp&reviewId=2fd9f78d-7204-4b73-a2ae-a0baabe433e4
Play Store,2026-07-29,5,"“Really impressed with Blinkit! The delivery is super fast, products are fresh, and the app is very easy to use. I’ve ordered groceries, snacks, and daily essentials multiple times, and the experience has always been smooth. The delivery partners are polite and orders usually arrive before the expected time. Very convenient for busy schedules. Highly recommended!”",really impressed blinkit delivery super fast products fresh app easy use ive ordered groceries snacks daily essentials multiple times experience always smooth delivery partners polite orders usually arrive expected time convenient busy schedules highly recommended,Repeat Purchase & Habits,Discusses recurring/habitual purchase patterns and daily grocery routines.,https://play.google.com/store/apps/details?id=com.grofers.customerapp&reviewId=5449efb5-3eb3-4a7c-a3a9-3e75e1982a4e
Play Store,2026-07-29,5,"mst ,much better than Swiggy Instamart at least order received at home not to go outside to waive hand and search for delivery boy and order",mst much better swiggy instamart least order received home go outside waive hand search delivery boy order,Search & Navigation Experience,Evaluates the ease of searching and finding products inside the catalog.,https://play.google.com/store/apps/details?id=com.grofers.customerapp&reviewId=ba7de3e0-82c5-4093-8f38-1b39f3281df3
Play Store,2026-07-29,1,very poor service getting cancelled fees charge as order auto selected from your end,poor service getting cancelled fees charge order auto selected end,Pricing & Value Influence,Analyzes how pricing and discount structures influence new category trial.,https://play.google.com/store/apps/details?id=com.grofers.customerapp&reviewId=197aa58c-9504-44bc-81c5-86c64917dc99
Play Store,2026-07-29,1,too much of extra charge,much extra charge,Pricing & Value Influence,Analyzes how pricing and discount structures influence new category trial.,https://play.google.com/store/apps/details?id=com.grofers.customerapp&reviewId=acf1e1e6-216a-4beb-bcc6-9cf8d6467efa
Play Store,2026-07-29,1,we buy a chocolate price is 36 but it's charges is 91 rupees very bad,buy chocolate price 36 charges 91 rupees bad,Pricing & Value Influence,Analyzes how pricing and discount structures influence new category trial.,https://play.google.com/store/apps/details?id=com.grofers.customerapp&reviewId=d9c7dedd-b910-427e-99df-0f908c809a3a
Play Store,2026-07-29,3,bahut delivery charge leta hai,bahut delivery charge leta hai,Pricing & Value Influence,Analyzes how pricing and discount structures influence new category trial.,https://play.google.com/store/apps/details?id=com.grofers.customerapp&reviewId=caf36bd3-b560-44fa-8549-467099d6ae1b
Play Store,2026-07-29,5,Good but reduce some delivery charge,good reduce delivery charge,Pricing & Value Influence,Analyzes how pricing and discount structures influence new category trial.,https://play.google.com/store/apps/details?id=com.grofers.customerapp&reviewId=4a54c95b-ede8-473d-af98-8d5b2102b2fd
Play Store,2026-07-29,3,Extra charges in the name of free delivery wth,extra charges name free delivery wth,Pricing & Value Influence,Analyzes how pricing and discount structures influence new category trial.,https://play.google.com/store/apps/details?id=com.grofers.customerapp&reviewId=3a862882-aab7-4879-ba08-98890e92a1c8
Play Store,2026-07-29,4,all good but decrease your delivery charges,good decrease delivery charges,Pricing & Value Influence,Analyzes how pricing and discount structures influence new category trial.,https://play.google.com/store/apps/details?id=com.grofers.customerapp&reviewId=6b5ac1ed-5645-4c58-9695-89a53fd1d805
Play Store,2026-07-29,1,very bad the handling charges and delivery charges are to much can't order one single item because of handling charges and delivery charges.,bad handling charges delivery charges much cant order one single item handling charges delivery charges,Pricing & Value Influence,Analyzes how pricing and discount structures influence new category trial.,https://play.google.com/store/apps/details?id=com.grofers.customerapp&reviewId=a4b0c6f3-e678-4d6e-89b5-ae6ed0ab416a
Play Store,2026-07-29,4,delivery charges are too high,delivery charges high,Pricing & Value Influence,Analyzes how pricing and discount structures influence new category trial.,https://play.google.com/store/apps/details?id=com.grofers.customerapp&reviewId=04013895-69ec-4212-b0bb-02cfef903caa
Play Store,2026-07-29,3,it is very expensive as compared to any other app,expensive compared app,Pricing & Value Influence,Analyzes how pricing and discount structures influence new category trial.,https://play.google.com/store/apps/details?id=com.grofers.customerapp&reviewId=36a0f874-a0de-4607-979d-aec09f689e48
Play Store,2026-07-29,5,far better than others like zepto etc,far better others like zepto etc,Competitor Comparison,Compares shopping experience and category layout with competitor platforms.,https://play.google.com/store/apps/details?id=com.grofers.customerapp&reviewId=a87d3196-3fbb-47bc-978f-689cb60ba628
Play Store,2026-07-29,3,"the products are bit overpriced, plus I used to love blinkit, it was so convenient but now they have increased the handling charge, like all other apps, which was not there, the price of handling charge is more than double the previous handling charges",products bit overpriced plus used love blinkit convenient increased handling charge like apps price handling charge double previous handling charges,Pricing & Value Influence,Analyzes how pricing and discount structures influence new category trial.,https://play.google.com/store/apps/details?id=com.grofers.customerapp&reviewId=6ef18eee-6f90-4d3e-8bbc-05c73a6ed18c
Play Store,2026-07-29,5,"Blinkit has been a huge help for me. Whenever I need vegetables, fruits, or any grocery items urgently, Blinkit delivers them very quickly. The products are usually fresh and of good quality, and the service is reliable and convenient. It has saved me a lot of time and effort. The only downside is that sometimes the delivery or platform charges become a bit high, which can be difficult for a middle-class family. Overall, I’m happy with the service and would recommend Blinkit for its speed and c",blinkit huge help whenever need vegetables fruits grocery items urgently blinkit delivers quickly products usually fresh good quality service reliable convenient saved lot time effort downside sometimes delivery platform charges become bit high difficult middleclass family overall im happy service would recommend blinkit speed c,Pricing & Value Influence,Analyzes how pricing and discount structures influence new category trial.,https://play.google.com/store/apps/details?id=com.grofers.customerapp&reviewId=bb73b9f6-7d10-4a99-a4d1-fba3e9e4e95b
Play Store,2026-07-29,1,Fake offers and high rate from other apps like from zepto,fake offers high rate apps like zepto,Pricing & Value Influence,Analyzes how pricing and discount structures influence new category trial.,https://play.google.com/store/apps/details?id=com.grofers.customerapp&reviewId=12fc2686-6b44-4e9e-9dcf-c17b0047b456
Play Store,2026-07-24,5,"""A very good alternative when you are unable to reach local marketplace or you have to purchase something urgently and you have less time. Packaging is satisfactory. Products are mostly good with rare exceptions in the electronics category. However, it is no doubt expensive and majority products are overpriced. All in all, a savior when it comes to ordering things within time constraints or when you are just feeling lazy to go out.""",good alternative unable reach local marketplace purchase something urgently less time packaging satisfactory products mostly good rare exceptions electronics category however doubt expensive majority products overpriced savior comes ordering things within time constraints feeling lazy go,Product & Category Exploration,Discusses user journey in exploring new categories and catalog variety.,https://play.google.com/store/apps/details?id=com.grofers.customerapp&reviewId=63fc31ff-7f4b-4c2e-97f5-32e8d84731b8
Play Store,2026-07-24,1,"Very disappointing. The prices are much higher than local stores, and the platform keeps adding extra charges that make orders unnecessarily expensive. The so-called ""quick delivery"" isn't always quick, and the overall value for money is poor. Needs better pricing, transparency, and more consistent service.",disappointing prices much higher local stores platform keeps adding extra charges make orders unnecessarily expensive socalled quick delivery isnt always quick overall value money poor needs better pricing transparency consistent service,Pricing & Value Influence,Analyzes how pricing and discount structures influence new category trial.,https://play.google.com/store/apps/details?id=com.grofers.customerapp&reviewId=dbd5a764-0e9e-414e-8990-49cf0e7d8228
Play Store,2026-07-10,1,"Always charging Surcharge amount on top of handling fee, even after adding items worth more than 1000/- in kart. That too not in any rush hour or bad weather, in a well connected metro city. Just another app for robbing people in the name of little convenience. Also, they have even the basic essentials always 'out of stock'. Hope it shuts down soon.",always charging surcharge amount top handling fee even adding items worth 1000 kart rush hour bad weather well connected metro city another app robbing people name little convenience also even basic essentials always stock hope shuts soon,Pricing & Value Influence,Analyzes how pricing and discount structures influence new category trial.,https://play.google.com/store/apps/details?id=com.grofers.customerapp&reviewId=7410de40-13bd-483b-8e29-eab59b4d5c1c
Play Store,2026-07-18,5,"Blinkit has honestly been one of the best apps I've ever downloaded, and it has completely changed the way I shop for groceries and everyday essentials. Before using Blinkit, I used to spend a lot of time traveling to stores, searching for products, waiting in long checkout lines, and carrying heavy bags back home. Now, everything I need is available right at my fingertips, and I can order it in just a few minutes without leaving my house. The entire experience is smooth and convenient",blinkit honestly one best apps ive ever downloaded completely changed way shop groceries everyday essentials using blinkit used spend lot time traveling stores searching products waiting long checkout lines carrying heavy bags back home everything need available right fingertips order minutes without leaving house entire experience smooth convenient,Repeat Purchase & Habits,Discusses recurring/habitual purchase patterns and daily grocery routines.,https://play.google.com/store/apps/details?id=com.grofers.customerapp&reviewId=53514ce5-1fc2-4c23-90d9-035afbb57400
Play Store,2026-07-05,5,"Fantastic service and incredibly fast! Blinkit has completely changed how I shop for daily essentials. The delivery truly takes less than 10–15 minutes, and the items always arrive well-packaged. The app is super easy to use, and I love that they carry everything from groceries to electronics now. Highly recommended!",fantastic service incredibly fast blinkit completely changed shop daily essentials delivery truly takes less 1015 minutes items always arrive wellpackaged app super easy use love carry everything groceries electronics highly recommended,Repeat Purchase & Habits,Discusses recurring/habitual purchase patterns and daily grocery routines.,https://play.google.com/store/apps/details?id=com.grofers.customerapp&reviewId=ce0a0492-ff46-45ee-bd27-9abef871e5e6
Play Store,2026-07-06,5,"Blinkit is very helpful. Most of the time, my orders are delivered within 8–10 minutes, provided there are no weather-related issues. The delivery partners are always polite, professional, and well-behaved. The only thing I don't like is the ₹30 delivery charge on orders below ₹200. I think this could be improved. Overall, Blinkit is one of the best quick delivery services. Highly recommended!",blinkit helpful time orders delivered within 810 minutes provided weatherrelated issues delivery partners always polite professional wellbehaved thing dont like 30 delivery charge orders 200 think could improved overall blinkit one best quick delivery services highly recommended,Pricing & Value Influence,Analyzes how pricing and discount structures influence new category trial.,https://play.google.com/store/apps/details?id=com.grofers.customerapp&reviewId=7c98999a-b037-45bb-a62b-846477c80331
Play Store,2026-06-06,1,"You can write the review like this: > Very disappointing experience with Blinkit. I ordered one product, but a different lower-quality product was delivered. However, I was charged the full amount for the higher-quality product I originally ordered. I reported the issue and even sent an email, but I did not receive a proper response. The price difference has also not been refunded. I would advise customers to carefully check their orders after delivery, as mistakes like this can result in payin",write review like disappointing experience blinkit ordered one product different lowerquality product delivered however charged full amount higherquality product originally ordered reported issue even sent email receive proper response price difference also refunded would advise customers carefully check orders delivery mistakes like result payin,Pricing & Value Influence,Analyzes how pricing and discount structures influence new category trial.,https://play.google.com/store/apps/details?id=com.grofers.customerapp&reviewId=c4b33d0c-1f9c-4b1e-8fec-bc1614531eef
Play Store,2026-06-02,5,"Blinkit has made grocery shopping incredibly convenient. The app is easy to use, offers a wide range of products, and delivers orders very quickly. Most of my orders arrive within minutes, and the items are usually fresh and well-packed. The delivery partners are polite, and the real-time tracking feature is helpful. While some products can occasionally be out of stock, the overall experience is excellent. Highly recommended for anyone looking for fast and reliable grocery delivery.",blinkit made grocery shopping incredibly convenient app easy use offers wide range products delivers orders quickly orders arrive within minutes items usually fresh wellpacked delivery partners polite realtime tracking feature helpful products occasionally stock overall experience excellent highly recommended anyone looking fast reliable grocery delivery,Pricing & Value Influence,Analyzes how pricing and discount structures influence new category trial.,https://play.google.com/store/apps/details?id=com.grofers.customerapp&reviewId=e343fbce-81b9-4109-8de9-901cfadbc19f
Play Store,2026-06-07,1,"Worst service ever. This is my least favorite app to use. They don't provide immediate returns when something is ordered by mistake. On top of that, they often sends incorrect orders, causing inconvenience to customers. When they make a mistake, they simply say ""sorry."" But when a customer missorder something, they start talking about rules and policies. Should provide immediate return option for selected items.",worst service ever least favorite app use dont provide immediate returns something ordered mistake top often sends incorrect orders causing inconvenience customers make mistake simply say sorry customer missorder something start talking rules policies provide immediate return option selected items,Product & Category Exploration,Discusses user journey in exploring new categories and catalog variety.,https://play.google.com/store/apps/details?id=com.grofers.customerapp&reviewId=59916dca-1768-4e94-b3ba-9e70f6022f43
Play Store,2026-07-14,5,"Blinkit has officially become my 'I forgot' button. Whether it's groceries, snacks, or a last-minute emergency, they somehow arrive before the panic does. The speed is impressive, but the consistency is what keeps me coming back. If teleportation ever gets invented, I'm convinced the Blinkit team will be behind it. Until then, this is probably the closest thing to it. 🚀💛",blinkit officially become forgot button whether groceries snacks lastminute emergency somehow arrive panic speed impressive consistency keeps coming back teleportation ever gets invented im convinced blinkit team behind probably closest thing,Search & Navigation Experience,Evaluates the ease of searching and finding products inside the catalog.,https://play.google.com/store/apps/details?id=com.grofers.customerapp&reviewId=c5a93d08-9711-45de-83ca-f187e44d888e
Play Store,2026-07-18,5,"I have been using Blinkit for my groceries for a long time now, and I truly want to appreciate this amazing app. Blinkit has completely changed the way we shop for daily essentials. Earlier, going to the market for groceries meant spending so much time traveling, standing in long queues, and carrying heavy bags back home. But with Blinkit, everything has become so easy and convenient. Just a few taps on the phone and all our groceries are delivered to our doorstep. What Ito say your wow",using blinkit groceries long time truly want appreciate amazing app blinkit completely changed way shop daily essentials earlier going market groceries meant spending much time traveling standing long queues carrying heavy bags back home blinkit everything become easy convenient taps phone groceries delivered doorstep ito say wow,Repeat Purchase & Habits,Discusses recurring/habitual purchase patterns and daily grocery routines.,https://play.google.com/store/apps/details?id=com.grofers.customerapp&reviewId=f8805aae-6351-43fa-ba3b-ef231f882e4e
Play Store,2026-07-16,2,"Scandalous App If you can go to market even with substantial difficulty, don't even think about using this. They don't allow you to order 4 portions of any vegetable, so that they can double the delivery charges. For example, I was trying for chilli @23/250gms, it didn't allow more than 3 of them, and the overall charge was ₹140. ₹140 for 750gms of chilli.",scandalous app go market even substantial difficulty dont even think using dont allow order 4 portions vegetable double delivery charges example trying chilli 23250gms didnt allow 3 overall charge 140 140 750gms chilli,Pricing & Value Influence,Analyzes how pricing and discount structures influence new category trial.,https://play.google.com/store/apps/details?id=com.grofers.customerapp&reviewId=af0e8e82-3c09-45f9-979b-7ba30465abff
Play Store,2026-07-09,5,"i usually don't review any app or website but blinkit is genuinely a great app to order the groceries. what ever i want , is on this app . it really reduced my burden a lot because before blinkit I used to go a long way to the market by myself but now I can see the daily uses on my doorstep just due to blinkit. Dilivery is just soo fast , employee's behaviour is great and the quality of food and goods are brilliant . so for me blinkit is the best app I've ever seen.",usually dont review app website blinkit genuinely great app order groceries ever want app really reduced burden lot blinkit used go long way market see daily uses doorstep due blinkit dilivery soo fast employees behaviour great quality food goods brilliant blinkit best app ive ever seen,Repeat Purchase & Habits,Discusses recurring/habitual purchase patterns and daily grocery routines.,https://play.google.com/store/apps/details?id=com.grofers.customerapp&reviewId=7956086b-f9a4-48fe-8265-708ed15eb523
Play Store,2026-07-25,5,"⭐⭐⭐⭐⭐ Blinkit has been a great experience. The delivery is usually very fast, the app is easy to use, and the products are well packed. I also like the wide variety of items available and the convenience of getting daily essentials delivered within minutes. Overall, it's a reliable service and saves a lot of time. Keep up the good work!!",blinkit great experience delivery usually fast app easy use products well packed also like wide variety items available convenience getting daily essentials delivered within minutes overall reliable service saves lot time keep good work,Repeat Purchase & Habits,Discusses recurring/habitual purchase patterns and daily grocery routines.,https://play.google.com/store/apps/details?id=com.grofers.customerapp&reviewId=0b76f5e0-6cf3-4727-9265-34c23b8062e3
Play Store,2026-07-15,4,"#1.Under ""Order history"" section, could you please add a TAB for PENDING RATING orders, upon clicking on which all the orders (which I haven't yet rated) loaded in front of me. Because in current situation, post rating an old order, it refreshes the list and scroll back to top, that's too much irritating to scroll down back to pending ones, please do something. Also add one tab for ALL orders, which shows all order again. #2. Please add feedback section with feedback history in app. Regards,",1under order history section could please add tab pending rating orders upon clicking orders havent yet rated loaded front current situation post rating old order refreshes list scroll back top thats much irritating scroll back pending ones please something also add one tab orders shows order 2 please add feedback section feedback history app regards,Repeat Purchase & Habits,Discusses recurring/habitual purchase patterns and daily grocery routines.,https://play.google.com/store/apps/details?id=com.grofers.customerapp&reviewId=a78eea5c-14fa-4af8-936f-5c73df489557
Play Store,2026-07-26,5,"I forgot to print a very important document on one of the most important days, and at 6:00 a.m. I was in complete panic. I ordered it on Blinkit, and to my surprise, it arrived in just 15 minutes! Absolutely unbelievable service. Blinkit literally saved my day. Super fast, reliable, and incredibly convenient, even early in the morning. Hands down one of the best delivery apps ever. Highly recommended!",forgot print important document one important days 600 complete panic ordered blinkit surprise arrived 15 minutes absolutely unbelievable service blinkit literally saved day super fast reliable incredibly convenient even early morning hands one best delivery apps ever highly recommended,Repeat Purchase & Habits,Discusses recurring/habitual purchase patterns and daily grocery routines.,https://play.google.com/store/apps/details?id=com.grofers.customerapp&reviewId=e67d6f46-787d-43e2-bb47-6266908639ea
Play Store,2026-07-09,5,"⭐⭐⭐⭐⭐ Excellent Service! Blinkit has made shopping incredibly convenient. The delivery is impressively fast, the app is easy to use, and the products are fresh and well-packed. I appreciate the wide range of groceries, household essentials, and daily needs available at competitive prices. The delivery partners are courteous, and my orders have consistently arrived on time. Overall, Blinkit has saved me both time and effort. Highly recommended for anyone looking for a reliable and efficient.",excellent service blinkit made shopping incredibly convenient delivery impressively fast app easy use products fresh wellpacked appreciate wide range groceries household essentials daily needs available competitive prices delivery partners courteous orders consistently arrived time overall blinkit saved time effort highly recommended anyone looking reliable efficient,Repeat Purchase & Habits,Discusses recurring/habitual purchase patterns and daily grocery routines.,https://play.google.com/store/apps/details?id=com.grofers.customerapp&reviewId=300b6eef-3ad0-46e8-8fec-486b86f415ac
Play Store,2026-07-25,1,"Very disappointing experience with Blinkit. I ordered a product worth ₹97, but the final bill became ₹172 because of multiple extra charges - ₹5 handling fee, ₹20 small cart fee, ₹30 delivery charge, and ₹20 tip. what is this??????? These additional charges almost doubled the cost of the product. The pricing doesn't feel transparent or customer-friendly. Blinkit should reduce these extra fees or clearly justify them before checkout.",disappointing experience blinkit ordered product worth 97 final bill became 172 multiple extra charges 5 handling fee 20 small cart fee 30 delivery charge 20 tip additional charges almost doubled cost product pricing doesnt feel transparent customerfriendly blinkit reduce extra fees clearly justify checkout,Pricing & Value Influence,Analyzes how pricing and discount structures influence new category trial.,https://play.google.com/store/apps/details?id=com.grofers.customerapp&reviewId=22cc0efa-e130-43a1-a3e7-29cbad91ed0d
Play Store,2026-06-30,5,"Hello Blinkit Team, I really enjoy shopping on Blinkit because the delivery is fast and the product quality is good. I have one suggestion. While quantity options are available, many popular rice brands are not. In local grocery stores, customers can choose from a much wider range of brands. It would be great if Blinkit could add more rice brands and give customers a larger variety to choose from. This would make grocery shopping even more convenient. Thank you for considering this suggestio",hello blinkit team really enjoy shopping blinkit delivery fast product quality good one suggestion quantity options available many popular rice brands local grocery stores customers choose much wider range brands would great blinkit could add rice brands give customers larger variety choose would make grocery shopping even convenient thank considering suggestio,Product & Category Exploration,Discusses user journey in exploring new categories and catalog variety.,https://play.google.com/store/apps/details?id=com.grofers.customerapp&reviewId=28f7cc46-208e-4da9-a9b5-586d64d28bf6
Play Store,2026-07-11,5,"I've had a great experience using Blinkit. The app is fast, user-friendly, and the delivery is consistently quick. The quality of the products I've received has always been excellent, with fresh groceries and well-packed items. The wide variety of products and reliable service make shopping very convenient. Thank you for maintaining such high standards—keep up the great work!",ive great experience using blinkit app fast userfriendly delivery consistently quick quality products ive received always excellent fresh groceries wellpacked items wide variety products reliable service make shopping convenient thank maintaining high standardskeep great work,Product & Category Exploration,Discusses user journey in exploring new categories and catalog variety.,https://play.google.com/store/apps/details?id=com.grofers.customerapp&reviewId=bab06a56-b70a-442b-9bcc-b8e67180aa39
Play Store,2026-07-09,1,The varieties are many because of which I like this and gave 1star.But the stuff is way too overpriced in comparison to other instant delivery apps. I have seen other apps have way cheaper prices compared to this. The only good thing is variety...,varieties many like gave 1starbut stuff way overpriced comparison instant delivery apps seen apps way cheaper prices compared good thing variety,Product & Category Exploration,Discusses user journey in exploring new categories and catalog variety.,https://play.google.com/store/apps/details?id=com.grofers.customerapp&reviewId=48f75880-6ad3-4e84-b71a-d1830d4ababf
Play Store,2026-06-15,5,"Very useful for ordering vegetables and groceries. Every item comes fresh and well packed. Drinks come in chilled condition. Their maximum average delivery time is hardly 10-15 mins. That's very impressive. Electronics and some other useful products are also available here at their best prices. Fruits are also available but their prices are 3-times than the offline market price that's make no sense to me. So, I avoid ordering vegetables.",useful ordering vegetables groceries every item comes fresh well packed drinks come chilled condition maximum average delivery time hardly 1015 mins thats impressive electronics useful products also available best prices fruits also available prices 3times offline market price thats make sense avoid ordering vegetables,Pricing & Value Influence,Analyzes how pricing and discount structures influence new category trial.,https://play.google.com/store/apps/details?id=com.grofers.customerapp&reviewId=65a0b070-541c-4290-855a-1c95ffe93d41
Play Store,2026-07-25,3,"It's great app for buying things which gets delivered on doorstep. But, the reason I gave only 3 stars is that, sometimes it takes more delivery charges. I request to minimize that. Thanks.",great app buying things gets delivered doorstep reason gave 3 stars sometimes takes delivery charges request minimize thanks,Pricing & Value Influence,Analyzes how pricing and discount structures influence new category trial.,https://play.google.com/store/apps/details?id=com.grofers.customerapp&reviewId=8598d370-b157-490c-961e-2e8a915c67ed
Play Store,2026-07-23,5,Very good experience. I really like the time dilivery and easy accessibility. The only thing I little concern about the price they charged sometimes high if compared to stores or reliance fresh etc.,good experience really like time dilivery easy accessibility thing little concern price charged sometimes high compared stores reliance fresh etc,Pricing & Value Influence,Analyzes how pricing and discount structures influence new category trial.,https://play.google.com/store/apps/details?id=com.grofers.customerapp&reviewId=f0a7a71d-12d4-42f2-a14a-6ac48c6bea5f
Play Store,2026-07-17,1,"please remove the need for wifi scanning, I keep it off for security reasons and to use your app it's compulsory required permission, zepto Swiggy Instamart Flipkart minutes and amazon minutes don't require it to function, don't make things difficult and unnecessary complicated told you many times to remove wifi scanning from your app",please remove need wifi scanning keep security reasons use app compulsory required permission zepto swiggy instamart flipkart minutes amazon minutes dont require function dont make things difficult unnecessary complicated told many times remove wifi scanning app,Competitor Comparison,Compares shopping experience and category layout with competitor platforms.,https://play.google.com/store/apps/details?id=com.grofers.customerapp&reviewId=92d2690c-ed4e-4f9f-b632-a8801c83a804
Play Store,2026-07-19,5,"⭐⭐⭐⭐⭐ Excellent quality blanket! It was delivered on time, exactly as promised. The material is soft, warm, and feels very premium. The stitching and overall finish are excellent, and it provides great comfort. I'm really happy with my purchase and the entire shopping experience. Fast delivery, great quality, and good value for money. Highly recommended!",excellent quality blanket delivered time exactly promised material soft warm feels premium stitching overall finish excellent provides great comfort im really happy purchase entire shopping experience fast delivery great quality good value money highly recommended,"Quality, Trust & Freshness",Examines quality trust barriers that prevent users from exploring fresh categories.,https://play.google.com/store/apps/details?id=com.grofers.customerapp&reviewId=ce89ad86-fc22-4599-bda4-c98b7be56931
Play Store,2026-07-15,5,I rarely or never review and rate any app yet blinkit has done something generously that i appreciate.. Explanation : It was my second time buying whey protein from blinkit and as i previously bought it from them this time they gave me a discount of ₹129 which i really appreciate. but the most crazy part is that the discount was labelled as Protein paglu 😂..!! also the pricing too is competative and fair by the value they provide.. Thanks for making my night..! (I ordered at night 😅),rarely never review rate app yet blinkit done something generously appreciate explanation second time buying whey protein blinkit previously bought time gave discount 129 really appreciate crazy part discount labelled protein paglu also pricing competative fair value provide thanks making night ordered night,Pricing & Value Influence,Analyzes how pricing and discount structures influence new category trial.,https://play.google.com/store/apps/details?id=com.grofers.customerapp&reviewId=a8806ecb-300a-48c1-9f17-22c0a0da63fb
Play Store,2026-07-19,5,"Blinkit is very convenient for quick grocery and daily essentials delivery. The app is easy to use, delivery is usually fast, and I can find most items I need. A great option when you need something urgently without going to the store.",blinkit convenient quick grocery daily essentials delivery app easy use delivery usually fast find items need great option need something urgently without going store,Repeat Purchase & Habits,Discusses recurring/habitual purchase patterns and daily grocery routines.,https://play.google.com/store/apps/details?id=com.grofers.customerapp&reviewId=88b5cef7-36b2-41d8-ba53-3832dd9468a6
Play Store,2026-07-11,1,"The pricing on Blinkit feels inconsistent. The same product can have one price in the morning, a different price in the evening, and another price the next day, which makes the pricing seem unpredictable. I have also noticed that sometimes a packing fee is charged, but the items are delivered without any bag and are simply handed over. Another issue is with product availability. If I order from a new phone number, I can see and purchase several 1 kg rice packs. However, when I order from my",pricing blinkit feels inconsistent product one price morning different price evening another price next day makes pricing seem unpredictable also noticed sometimes packing fee charged items delivered without bag simply handed another issue product availability order new phone number see purchase several 1 kg rice packs however order,Repeat Purchase & Habits,Discusses recurring/habitual purchase patterns and daily grocery routines.,https://play.google.com/store/apps/details?id=com.grofers.customerapp&reviewId=6289f61a-6903-422e-abd5-caa301ce8e51
Play Store,2026-07-08,5,"I can't buy a single thing on its actual price. like, when I want something that is only 50rs blinkit will ask for delivery charges and I'll get that 50rs thing in 80rs and then I'll have to add something else so that my amount can reach 100 and then the delivery charges got remove but then there comes handling charges. and like that I always have to buy more than what I want. but as I know that it's actually reasonable I don't mind it. otherwise the app is absolutely great!!! thanks blinkit!🤍",cant buy single thing actual price like want something 50rs blinkit ask delivery charges ill get 50rs thing 80rs ill add something else amount reach 100 delivery charges got remove comes handling charges like always buy want know actually reasonable dont mind otherwise app absolutely great thanks blinkit,Pricing & Value Influence,Analyzes how pricing and discount structures influence new category trial.,https://play.google.com/store/apps/details?id=com.grofers.customerapp&reviewId=d305736e-8776-4d53-9b6f-1223fa284f9d
Play Store,2026-07-08,5,"Absolutely amazing experience with Blinkit! The delivery is incredibly fast, often arriving even before the estimated time. The groceries and vegetables are always fresh, and the packaging is neat and secure. It has made my daily shopping so much easier. Highly recommended for anyone looking for quick and reliable service!",absolutely amazing experience blinkit delivery incredibly fast often arriving even estimated time groceries vegetables always fresh packaging neat secure made daily shopping much easier highly recommended anyone looking quick reliable service,Repeat Purchase & Habits,Discusses recurring/habitual purchase patterns and daily grocery routines.,https://play.google.com/store/apps/details?id=com.grofers.customerapp&reviewId=75a72914-f495-45d4-a3dc-5217ac1af26b
Play Store,2026-07-02,3,"very nice app, but I don't get the logic behind adding extra handling charges when the order is 1500rs+ . I have to add a lot of products to 'unlock' free delivery, even when the blink it store near me is just 1.3km near me. I hope they look into the matter.",nice app dont get logic behind adding extra handling charges order 1500rs add lot products unlock free delivery even blink store near 13km near hope look matter,Pricing & Value Influence,Analyzes how pricing and discount structures influence new category trial.,https://play.google.com/store/apps/details?id=com.grofers.customerapp&reviewId=34cf3b84-8592-4726-8712-2e5db5bd5def
Play Store,2026-07-04,5,"⭐⭐⭐⭐⭐ Blinkit has made daily shopping incredibly convenient. The delivery is consistently fast, the app is easy to use, and the wide range of products means I can find almost everything I need in one place. The delivery partners are polite, and the packaging is always neat. It's a huge time-saver, especially during busy days. Highly recommended for anyone looking for quick and reliable grocery and essentials delivery!",blinkit made daily shopping incredibly convenient delivery consistently fast app easy use wide range products means find almost everything need one place delivery partners polite packaging always neat huge timesaver especially busy days highly recommended anyone looking quick reliable grocery essentials delivery,Repeat Purchase & Habits,Discusses recurring/habitual purchase patterns and daily grocery routines.,https://play.google.com/store/apps/details?id=com.grofers.customerapp&reviewId=6c561309-4915-496e-aec9-8c80a65aef80
Play Store,2026-06-26,2,"Blinkit has made grocery shopping incredibly convenient. The delivery is consistently fast, and the app is easy to navigate with a wide range of products available. I especially appreciate the fresh produce and reliable packaging. While some items occasionally go out of stock during peak hours, the overall experience has been smooth and time-saving. A great option for anyone looking for quick and hassle-free deliveries.",blinkit made grocery shopping incredibly convenient delivery consistently fast app easy navigate wide range products available especially appreciate fresh produce reliable packaging items occasionally go stock peak hours overall experience smooth timesaving great option anyone looking quick hasslefree deliveries,Product & Category Exploration,Discusses user journey in exploring new categories and catalog variety.,https://play.google.com/store/apps/details?id=com.grofers.customerapp&reviewId=d85f23b2-f861-4b08-9f04-abf91f2bafda
Play Store,2026-07-15,5,"Excellent service! My order was delivered on time. All the items were fresh and neatly packed. The delivery was quick, and the overall experience was excellent. Highly recommended. Will definitely order again!""",excellent service order delivered time items fresh neatly packed delivery quick overall experience excellent highly recommended definitely order,Repeat Purchase & Habits,Discusses recurring/habitual purchase patterns and daily grocery routines.,https://play.google.com/store/apps/details?id=com.grofers.customerapp&reviewId=fff7ee8a-6125-4b13-b34e-27644d6b3657
Play Store,2026-07-09,4,"Blinkit was the first grocery app I used and it was good too. Good offers,good quality and quick delivery. But then there are competetor app which are giving good stuff with little better offers so I personally use blinkit and zepto alot. Also please broaden the delivery areas so that we can order from remote areas also. Thankyou for good experience and keep giving good prices and fine quality products.",blinkit first grocery app used good good offersgood quality quick delivery competetor app giving good stuff little better offers personally use blinkit zepto alot also please broaden delivery areas order remote areas also thankyou good experience keep giving good prices fine quality products,Pricing & Value Influence,Analyzes how pricing and discount structures influence new category trial.,https://play.google.com/store/apps/details?id=com.grofers.customerapp&reviewId=c458a8ee-311f-4ce4-a518-716aa77378fc
Play Store,2026-06-09,5,"Absolutely love using Blinkit! The delivery is super fast, products are always fresh, and the app is very easy to use. It has made grocery shopping so convenient, especially during busy days. The delivery partners are polite and orders usually arrive exactly as expected. Great discounts, good packaging, and excellent customer experience overall. Highly recommended!",absolutely love using blinkit delivery super fast products always fresh app easy use made grocery shopping convenient especially busy days delivery partners polite orders usually arrive exactly expected great discounts good packaging excellent customer experience overall highly recommended,Pricing & Value Influence,Analyzes how pricing and discount structures influence new category trial.,https://play.google.com/store/apps/details?id=com.grofers.customerapp&reviewId=5dc5a821-dbed-4803-a304-f6c3dea4076c
Play Store,2026-06-19,1,"I am extremely disappointed and frustrated with my recent experience with Blinkit. I ordered a phone charging cable expecting to receive the product as advertised on your platform. However, the item delivered to me is clearly a low-quality local product that does not match the description or quality promised at the time of purchase. The cable does not connect properly with my adapter or phone and fails to charge my device reliably. This makes the product practically useless and completely unfit",extremely disappointed frustrated recent experience blinkit ordered phone charging cable expecting receive product advertised platform however item delivered clearly lowquality local product match description quality promised time purchase cable connect properly adapter phone fails charge device reliably makes product practically useless completely unfit,Pricing & Value Influence,Analyzes how pricing and discount structures influence new category trial.,https://play.google.com/store/apps/details?id=com.grofers.customerapp&reviewId=b657bbee-e4bb-4adf-ba71-8168bac7ed2f
Play Store,2026-06-17,5,"As a regular customer, Blinkit is very helpful for me. The delivery is too fast often arriving at my door in under 15 minutes! Most importantly, the fruits, vegetables, and dairy products are always crisp, fresh, and securely packaged. It is incredibly convenient for daily needs and last-minute cravings. Highly recommended! Thank you for your service at Sangareddy.",regular customer blinkit helpful delivery fast often arriving door 15 minutes importantly fruits vegetables dairy products always crisp fresh securely packaged incredibly convenient daily needs lastminute cravings highly recommended thank service sangareddy,Repeat Purchase & Habits,Discusses recurring/habitual purchase patterns and daily grocery routines.,https://play.google.com/store/apps/details?id=com.grofers.customerapp&reviewId=385276d1-00d9-44db-a4ae-49af261632ff
Play Store,2026-05-12,1,"Please don't buy electronic products from here. They refuse to take accountability for the defective products and deflect the complaints to the respective brand service centers. You'll be much better off shopping from the local dealers, especially if you are buying gaming consoles / controllers.",please dont buy electronic products refuse take accountability defective products deflect complaints respective brand service centers youll much better shopping local dealers especially buying gaming consoles controllers,Brand Switching,Discusses shifting preferences from one brand to another or brand substitution.,https://play.google.com/store/apps/details?id=com.grofers.customerapp&reviewId=f5cb8f5f-c9a8-479e-87aa-f025af10ee49
Play Store,2026-05-31,5,The app is perfect of last minute items and when uninvited guests arrive. the delivery is really fast like in a blink as its name. the items are a bit expensive but the faster delivery compensate it and also we don't have to leave our house. also there's a lot of variety of items available so it's overall best app.,app perfect last minute items uninvited guests arrive delivery really fast like blink name items bit expensive faster delivery compensate also dont leave house also theres lot variety items available overall best app,Product & Category Exploration,Discusses user journey in exploring new categories and catalog variety.,https://play.google.com/store/apps/details?id=com.grofers.customerapp&reviewId=dcfb7048-e935-45a6-ba27-f3e42a8590f2
Play Store,2026-06-07,5,"⭐⭐⭐⭐⭐ Blinkit is an excellent app for quick grocery delivery. The app is easy to use, delivery is usually very fast, and the products arrive in good condition. I like the wide variety of items available and the convenient ordering process. It saves a lot of time and makes shopping hassle-free. Highly recommended!",blinkit excellent app quick grocery delivery app easy use delivery usually fast products arrive good condition like wide variety items available convenient ordering process saves lot time makes shopping hasslefree highly recommended,Product & Category Exploration,Discusses user journey in exploring new categories and catalog variety.,https://play.google.com/store/apps/details?id=com.grofers.customerapp&reviewId=ef37481a-7f1c-4239-a060-a16892f711f8
Play Store,2026-06-09,5,"Blinkit is one of the most convenient shopping apps I've used. The interface is simple and user-friendly, making it easy to find products and place orders. It offers a wide variety of groceries, household essentials, snacks, and more, all in one place. The quick delivery service is a huge advantage, especially when you need something urgently. Overall, Blinkit saves time and makes everyday shopping fast, easy, and hassle-free. Highly recommended!",blinkit one convenient shopping apps ive used interface simple userfriendly making easy find products place orders offers wide variety groceries household essentials snacks one place quick delivery service huge advantage especially need something urgently overall blinkit saves time makes everyday shopping fast easy hasslefree highly recommended,Repeat Purchase & Habits,Discusses recurring/habitual purchase patterns and daily grocery routines.,https://play.google.com/store/apps/details?id=com.grofers.customerapp&reviewId=d1a8203f-69fc-4190-9308-6be62af57cf5
Play Store,2026-05-22,3,"Good app for daily needs like groceries, fruits, snacks, stationery, etc. Delivery is fast too. But the “free delivery” claim feels misleading because they almost always add a ₹30 surge fee at checkout. Extra charges should be shown clearly from the start.",good app daily needs like groceries fruits snacks stationery etc delivery fast free delivery claim feels misleading almost always add 30 surge fee checkout extra charges shown clearly start,Repeat Purchase & Habits,Discusses recurring/habitual purchase patterns and daily grocery routines.,https://play.google.com/store/apps/details?id=com.grofers.customerapp&reviewId=a5518145-f743-42fc-83c8-ef3792043a05
Play Store,2026-05-16,4,"Blinkit is honestly a lifesaver when you need stuff fast. I’ve got milk, snacks, even ice cream delivered in like 8 minutes at midnight. The app is easy and reordering is quick too. But it’s not perfect. Delivery is free only above ₹200, so small orders cost extra. Stuff goes out of stock a lot on weekends, and veggies aren’t always fresh. Prices are a bit higher than our local shops. Still, for last-minute things, it’s super handy. Just don’t use it for monthly grocery.",blinkit honestly lifesaver need stuff fast ive got milk snacks even ice cream delivered like 8 minutes midnight app easy reordering quick perfect delivery free 200 small orders cost extra stuff goes stock lot weekends veggies arent always fresh prices bit higher local shops still lastminute things super handy dont use monthly grocery,Repeat Purchase & Habits,Discusses recurring/habitual purchase patterns and daily grocery routines.,https://play.google.com/store/apps/details?id=com.grofers.customerapp&reviewId=a0631650-ceb5-4365-89c5-c6e52b7549dc
Play Store,2026-06-08,4,"service is good, boys & girls are exceptional, app is good but still a lot of items out of stock, tracking not par with insta and can extend your delivery limits., every time I have travel 500mts to collect my orders (insta delivers at my door step) . But about rest above all Blinkit has more varieties and range of products to avail than Instamart.",service good boys girls exceptional app good still lot items stock tracking par insta extend delivery limits every time travel 500mts collect orders insta delivers door step rest blinkit varieties range products avail instamart,Product & Category Exploration,Discusses user journey in exploring new categories and catalog variety.,https://play.google.com/store/apps/details?id=com.grofers.customerapp&reviewId=393428d9-e22e-4249-a608-e9b2d62b0f30
Play Store,2026-06-19,1,"Not a good experience. The milk products and curd I ordered were not of good quality, and this has happened repeatedly. It is better to buy these items from a nearby local shop. It seems the required storage temperature is not being maintained during handling or delivery, which is affecting the quality and freshness of the products.",good experience milk products curd ordered good quality happened repeatedly better buy items nearby local shop seems required storage temperature maintained handling delivery affecting quality freshness products,Repeat Purchase & Habits,Discusses recurring/habitual purchase patterns and daily grocery routines.,https://play.google.com/store/apps/details?id=com.grofers.customerapp&reviewId=3807a70a-f252-49fc-874d-fd1c95461c11
Play Store,2026-06-25,5,"very happy with blinkit service. I've been using it since many years. Recently I was on a trip to Jammu and needed something urgently. and sure blinkit was there. while I am fine with some extra fees sometimes, i understand most part of India may not. reduce the extra delivery charge, taxes, surcharge and small town people may be more willing to order.",happy blinkit service ive using since many years recently trip jammu needed something urgently sure blinkit fine extra fees sometimes understand part india may reduce extra delivery charge taxes surcharge small town people may willing order,Pricing & Value Influence,Analyzes how pricing and discount structures influence new category trial.,https://play.google.com/store/apps/details?id=com.grofers.customerapp&reviewId=ed21f865-8459-47c7-999f-d5e2b96d7e6b
Play Store,2026-06-26,5,"Best delivery app ever. Whenever I order something, it quickly assigns a delivery partner within 2 minutes and the delivery is also super fast. It's very recommended to use if you are in a hurry to go somewhere and you need something urgent. The prices are also reasonable and i LOVE the imported items that they have like Cheetos, Nerds, Korean Buldak noodles, Little cute cookies from Thailand, etc. I always recommend this app for faster delivery service. The products also come in good condition.",best delivery app ever whenever order something quickly assigns delivery partner within 2 minutes delivery also super fast recommended use hurry go somewhere need something urgent prices also reasonable love imported items like cheetos nerds korean buldak noodles little cute cookies thailand etc always recommend app faster delivery service products also come good condition,Pricing & Value Influence,Analyzes how pricing and discount structures influence new category trial.,https://play.google.com/store/apps/details?id=com.grofers.customerapp&reviewId=4f7d9f5b-366b-45d0-b189-601a03966599
Play Store,2026-06-16,2,During day time why would you charge a high surcharge and do i really have to order above 499 to get rid of it. I'll better walk to the nearby stores. I had to cancel dozens of orders whenever I saw a surcharge for orders even above 200. Good business i guess but could be better!!!,day time would charge high surcharge really order 499 get rid ill better walk nearby stores cancel dozens orders whenever saw surcharge orders even 200 good business guess could better,Pricing & Value Influence,Analyzes how pricing and discount structures influence new category trial.,https://play.google.com/store/apps/details?id=com.grofers.customerapp&reviewId=353eeb26-1486-4ac4-9067-a6fc2184a2ac
Play Store,2026-06-20,5,"⭐⭐⭐⭐⭐ Fast, reliable, and a brand that does right by its riders Blinkit has become my go-to for quick grocery runs — the app is smooth, deliveries are fast, and the product range keeps growing. What I appreciate most: the delivery agents always show up properly geared (helmets, reflective jackets at night) and never seem to be riding recklessly or rushing dangerously to beat the clock.",fast reliable brand right riders blinkit become goto quick grocery runs app smooth deliveries fast product range keeps growing appreciate delivery agents always show properly geared helmets reflective jackets night never seem riding recklessly rushing dangerously beat clock,Brand Switching,Discusses shifting preferences from one brand to another or brand substitution.,https://play.google.com/store/apps/details?id=com.grofers.customerapp&reviewId=e7c38809-a767-4870-9125-7811e6398ff4
Play Store,2026-06-21,1,"No one should order icecreams from blinkit, especially the ones that are not in tubs or family packs. Not once, but this has happened multiple times that our icecreams have arrived absolutely melted and broken. We dont know for what the app applies 'handling charges' when they don't provide the goods in a fine condition. Also, we recently ordered 5 packets of milk, which all were expired.",one order icecreams blinkit especially ones tubs family packs happened multiple times icecreams arrived absolutely melted broken dont know app applies handling charges dont provide goods fine condition also recently ordered 5 packets milk expired,Repeat Purchase & Habits,Discusses recurring/habitual purchase patterns and daily grocery routines.,https://play.google.com/store/apps/details?id=com.grofers.customerapp&reviewId=22e1d457-47e4-4cd0-85fc-a9b41fa9bc5b
Play Store,2026-05-14,3,everything about this app is good and ofcourse it makes a very difference between our grocery shopping and makes it way more easy to shop and two things which we didn't liked and thought of reviewing it were many things go out of stock which in shop are easily available and they take a lot of service charges and handling charges...,everything app good ofcourse makes difference grocery shopping makes way easy shop two things didnt liked thought reviewing many things go stock shop easily available take lot service charges handling charges,Pricing & Value Influence,Analyzes how pricing and discount structures influence new category trial.,https://play.google.com/store/apps/details?id=com.grofers.customerapp&reviewId=62831cda-3174-43ae-9229-9707049aa360
Play Store,2026-06-13,1,Products sent are costly and often found defective. i would not recommend this app if u can buy products on nearby stores. Perishable goods like fruits and vegetables are not upto mark and are defective. blinkit stores should check the quality of goods they supply. I am very much disappointed and will not buy such goods again on such apps.,products sent costly often found defective would recommend app u buy products nearby stores perishable goods like fruits vegetables upto mark defective blinkit stores check quality goods supply much disappointed buy goods apps,"Quality, Trust & Freshness",Examines quality trust barriers that prevent users from exploring fresh categories.,https://play.google.com/store/apps/details?id=com.grofers.customerapp&reviewId=beb251ae-882e-490d-abcf-725bc10a6907
Play Store,2026-06-07,2,"I recently started using Blinkit and find it convenient for small orders. However, larger orders often face packing issues. Items sometimes arrive in torn bags, groceries are poorly segregated, vegetables are mixed with dairy, and cold items packed with dry goods, affecting quality. Fragile items like bread and eggs are also at risk. Better packing—separating items properly, using stronger bags, and handling fragile products carefully—would greatly improve the experience.",recently started using blinkit find convenient small orders however larger orders often face packing issues items sometimes arrive torn bags groceries poorly segregated vegetables mixed dairy cold items packed dry goods affecting quality fragile items like bread eggs also risk better packingseparating items properly using stronger bags handling fragile products carefullywould greatly improve experience,Repeat Purchase & Habits,Discusses recurring/habitual purchase patterns and daily grocery routines.,https://play.google.com/store/apps/details?id=com.grofers.customerapp&reviewId=265c9187-f5c7-4259-b1ed-f2cbe209c447
Play Store,2026-06-05,2,"There are problems with quality and quality check before delivering it to customers. I frequently noticed that the weight of vegetables and fruits are not correct, they are almost missed by 30~40 percent of weight, and many times the quality is also not good. There is no point in delivering if quality and quantity is not reviewed before dispatching it to the customer when handling charges are charged separately.",problems quality quality check delivering customers frequently noticed weight vegetables fruits correct almost missed 3040 percent weight many times quality also good point delivering quality quantity reviewed dispatching customer handling charges charged separately,Pricing & Value Influence,Analyzes how pricing and discount structures influence new category trial.,https://play.google.com/store/apps/details?id=com.grofers.customerapp&reviewId=fa435f5d-7064-4e6e-90db-3ffda4859cff
Play Store,2026-06-04,1,"Extremely disappointed with Blinkit. I ordered the Unigen Google Pixel Type-C Fast Charging Adapter (30W), but the product doesn't perform anywhere close to its claimed specifications. Calling it a 30W fast charger is misleading — it charges so slowly that it feels like a basic 5W charger. What's more frustrating is that Blinkit is listing such poor-quality products on its platform without proper quality checks. Customers trust Blinkit for convenience and reliability, but selling prod",extremely disappointed blinkit ordered unigen google pixel typec fast charging adapter 30w product doesnt perform anywhere close claimed specifications calling 30w fast charger misleading charges slowly feels like basic 5w charger whats frustrating blinkit listing poorquality products platform without proper quality checks customers trust blinkit convenience reliability selling prod,Pricing & Value Influence,Analyzes how pricing and discount structures influence new category trial.,https://play.google.com/store/apps/details?id=com.grofers.customerapp&reviewId=2778e58e-fffa-4963-b266-d25595806a2a
Play Store,2026-06-10,1,"The services provided by Blinkit are pathetic. Most of the time, they deliver wrong or rotten items, and on several occasions, they have completely forgotten to send ordered items. The complaint redressal mechanism is also highly inefficient and fails to resolve issues promptly. Extremely dissatisfied with the overall experience and would not recommend using this service.",services provided blinkit pathetic time deliver wrong rotten items several occasions completely forgotten send ordered items complaint redressal mechanism also highly inefficient fails resolve issues promptly extremely dissatisfied overall experience would recommend using service,"Quality, Trust & Freshness",Examines quality trust barriers that prevent users from exploring fresh categories.,https://play.google.com/store/apps/details?id=com.grofers.customerapp&reviewId=10e65aba-43a0-4c12-b179-745c5148a5d8
Play Store,2026-06-06,1,"Very dirty packaging and products. Received a used product. Never order expensive items from blinkit, just use it to order fast consumable products. Although those are also in very bad and dirty condition. It is better to go to your nearby departmental stores and buy in person.",dirty packaging products received used product never order expensive items blinkit use order fast consumable products although also bad dirty condition better go nearby departmental stores buy person,Pricing & Value Influence,Analyzes how pricing and discount structures influence new category trial.,https://play.google.com/store/apps/details?id=com.grofers.customerapp&reviewId=892dcba5-bc64-40ac-91dc-cec735d83133
Play Store,2026-07-02,5,it was too good price and I really like this App because it delivered the food and groceries within 10 minutes and we can make anything in just 10 minutes because of blinkit and their their delivery partners were very honest and polite and in this app there are very low prices groceries are available and their groceries are very fresh and the game on the delivery bags of blinkit is very playful and enjoyable,good price really like app delivered food groceries within 10 minutes make anything 10 minutes blinkit delivery partners honest polite app low prices groceries available groceries fresh game delivery bags blinkit playful enjoyable,Pricing & Value Influence,Analyzes how pricing and discount structures influence new category trial.,https://play.google.com/store/apps/details?id=com.grofers.customerapp&reviewId=2cb16415-b8f1-4968-9b0f-da0ab20f6348
Play Store,2026-05-07,4,"Decent platform, however return process has to be smooth if any item is near expiry or you don't like the quality because most of the items are food items. Alternatively you always have a nearby grocery shop where you can actually check quality and buy so in long run only quality and fresh food stuff will help",decent platform however return process smooth item near expiry dont like quality items food items alternatively always nearby grocery shop actually check quality buy long run quality fresh food stuff help,"Quality, Trust & Freshness",Examines quality trust barriers that prevent users from exploring fresh categories.,https://play.google.com/store/apps/details?id=com.grofers.customerapp&reviewId=561d4fd5-60d9-4d39-b648-e0e20e083034
Play Store,2026-06-30,3,"Blinkit is fast and convenient, but quality control for third-party sellers, especially gadgets and small appliances, needs improvement. I had inconsistent experiences with two mini coolers due to poor packaging and product quality. Also, some delivery partners in Ahmedabad are rude, asking customers to repeat their name and even list ordered items despite having all order details. Please improve seller standards and delivery professionalism.",blinkit fast convenient quality control thirdparty sellers especially gadgets small appliances needs improvement inconsistent experiences two mini coolers due poor packaging product quality also delivery partners ahmedabad rude asking customers repeat name even list ordered items despite order details please improve seller standards delivery professionalism,Repeat Purchase & Habits,Discusses recurring/habitual purchase patterns and daily grocery routines.,https://play.google.com/store/apps/details?id=com.grofers.customerapp&reviewId=a3419691-87ec-4d20-b5a1-0ddf3fe8f139
Play Store,2026-05-24,1,I ordered 2items from the app. One item was completely fine & delivered in proper condition but the second item arrived with a broken seal and visible teeth marks on the cover/cap. Because of hygiene and safety concerns I had to throw it away. This kind of packaging issue should be checked properly before delivery. Very disappointing experience. After this experience I am uninstalling the app and I don’t think I will order from it again. I would also not recommend others to order from this app.,ordered 2items app one item completely fine delivered proper condition second item arrived broken seal visible teeth marks covercap hygiene safety concerns throw away kind packaging issue checked properly delivery disappointing experience experience uninstalling app dont think order would also recommend others order app,Recommendations & Personalization,Focuses on app-driven product recommendations and personalization.,https://play.google.com/store/apps/details?id=com.grofers.customerapp&reviewId=34effa3b-9aa0-48d9-a6c4-618a6b64dff9
Play Store,2026-07-18,4,Overall great experience. Only problem is the high cost of ordering a small item. like if I order 20 rs item then the additional amount would add upto 50-60 in the final amount.,overall great experience problem high cost ordering small item like order 20 rs item additional amount would add upto 5060 final amount,Pricing & Value Influence,Analyzes how pricing and discount structures influence new category trial.,https://play.google.com/store/apps/details?id=com.grofers.customerapp&reviewId=90c29c6f-743b-404a-a480-79c54a915005
Play Store,2026-06-28,3,"could have reduced the extra fee. unlike zepto, blinkit is a little expensive. but, there are products available most of the time. in many other apps, some products are mostly out of stock. so, blinkit is a saver.",could reduced extra fee unlike zepto blinkit little expensive products available time many apps products mostly stock blinkit saver,Pricing & Value Influence,Analyzes how pricing and discount structures influence new category trial.,https://play.google.com/store/apps/details?id=com.grofers.customerapp&reviewId=1a2a1e9f-bfb7-42e3-bb19-6cab4941c6b1
Play Store,2026-07-02,1,"except the delivery staff, everything else pathetic, the app, the items on the app half my time is wasted on exchanging because its either rotten or damaged from inside. The response team and time both. i try to use it as less but even when i do its a dissapointment. so who ever reading please try swiggy or amazon now",except delivery staff everything else pathetic app items app half time wasted exchanging either rotten damaged inside response team time try use less even dissapointment ever reading please try swiggy amazon,"Quality, Trust & Freshness",Examines quality trust barriers that prevent users from exploring fresh categories.,https://play.google.com/store/apps/details?id=com.grofers.customerapp&reviewId=94d1ac92-65a2-4df3-adca-23be06162a1b
Play Store,2026-05-26,2,"My ice cream had already melted because the delivery was extremely late. The most disappointing part is that the delivery boy marked the order as “arrived” 17 minutes earlier, but actually delivered it after 26 minutes. This is not a good habit or service at all. This has happened to me twice now. Last time, it got delayed by 40 minutes and the order was eventually cancelled. Really disappointed with this experience.",ice cream already melted delivery extremely late disappointing part delivery boy marked order arrived 17 minutes earlier actually delivered 26 minutes good habit service happened twice last time got delayed 40 minutes order eventually cancelled really disappointed experience,Repeat Purchase & Habits,Discusses recurring/habitual purchase patterns and daily grocery routines.,https://play.google.com/store/apps/details?id=com.grofers.customerapp&reviewId=c9f4cd35-a6c1-4d1c-966e-c17e0354e42d
Play Store,2026-07-04,5,"Excellent service! The delivery was super fast, the products were fresh, and everything arrived in perfect condition. The app is easy to use, prices are reasonable, and the delivery partner was polite and professional. A very convenient way to shop for daily essentials. Highly recommended!",excellent service delivery super fast products fresh everything arrived perfect condition app easy use prices reasonable delivery partner polite professional convenient way shop daily essentials highly recommended,Repeat Purchase & Habits,Discusses recurring/habitual purchase patterns and daily grocery routines.,https://play.google.com/store/apps/details?id=com.grofers.customerapp&reviewId=08971005-83fd-4ede-b172-f9138e0d334c
Play Store,2026-06-18,5,"First of all, I would like to point out that many products available on your app are significantly overpriced. Items that are available in the local market for around ₹20 are often listed on your platform for nearly ₹100. This pricing difference does not provide a good experience for customers and raises concerns about value for money. Secondly, the delivery time estimates shown on the app are often inaccurate",first would like point many products available app significantly overpriced items available local market around 20 often listed platform nearly 100 pricing difference provide good experience customers raises concerns value money secondly delivery time estimates shown app often inaccurate,Pricing & Value Influence,Analyzes how pricing and discount structures influence new category trial.,https://play.google.com/store/apps/details?id=com.grofers.customerapp&reviewId=8bceba87-368f-4085-8814-e7d4b76b55a2
Play Store,2026-06-17,4,it's good and delivers really quick but the delivery charges are way to high you can't buy any thing in emergency if you don't have enough money like a note of 200 and there is a limitto do cash on delivery i mean that you have to order something of atleast 100₹ .so it's good but I just want the charges to low down and that limit to go away .,good delivers really quick delivery charges way high cant buy thing emergency dont enough money like note 200 limitto cash delivery mean order something atleast 100 good want charges low limit go away,Pricing & Value Influence,Analyzes how pricing and discount structures influence new category trial.,https://play.google.com/store/apps/details?id=com.grofers.customerapp&reviewId=f77055bf-8efd-4049-9248-14048dfde24a
Play Store,2026-07-16,5,"Blinkit is one of the most useful apps I've used. Fast deliveries, a smooth app experience, and reliable service make daily life much easier. I also appreciate the hardworking delivery partners who ensure orders arrive on time. It's inspiring to see Blinkit expand into services like ambulance booking, showing they care about more than convenience. Keep up the amazing work—you're making a real difference!",blinkit one useful apps ive used fast deliveries smooth app experience reliable service make daily life much easier also appreciate hardworking delivery partners ensure orders arrive time inspiring see blinkit expand services like ambulance booking showing care convenience keep amazing workyoure making real difference,Repeat Purchase & Habits,Discusses recurring/habitual purchase patterns and daily grocery routines.,https://play.google.com/store/apps/details?id=com.grofers.customerapp&reviewId=dbc61d43-17b6-4458-ac2f-14f3f9518ac3
Play Store,2026-07-08,4,"Why this handling Fee, cut this off because Amazon Now is providing fresh items without any handling fee and Zepto also didn't have this handling fee and people want to save, even 5 rupees also so this 5 rupees, looks a lot; like a burden, in the bill.....!!!!!",handling fee cut amazon providing fresh items without handling fee zepto also didnt handling fee people want save even 5 rupees also 5 rupees looks lot like burden bill,Competitor Comparison,Compares shopping experience and category layout with competitor platforms.,https://play.google.com/store/apps/details?id=com.grofers.customerapp&reviewId=2b2219ca-a5f5-4baa-a371-29622519d3b2
Play Store,2026-07-09,1,"It started to feel like dynamic pricing. The price of certain items goes up if it thinks you're desperate enough to buy them, and it drops if it thinks you won't make the purchase otherwise.",started feel like dynamic pricing price certain items goes thinks youre desperate enough buy drops thinks wont make purchase otherwise,Pricing & Value Influence,Analyzes how pricing and discount structures influence new category trial.,https://play.google.com/store/apps/details?id=com.grofers.customerapp&reviewId=e5d1ee6a-7781-4583-83bd-605390341f4f
Play Store,2026-07-13,4,its very cool app btw all order are on time and good quality of eating product bcz I am only used for eating item I can say about that herelectronics and beauty products. but it's fantastic and delivered in only 15 to 20 mins but1problem is there are handling charge and also below 200 it's get ₹30charge its very cool app btw all order are on time and good quality of eating product bcz I am only used for eating item I can say about that her electronics and beauty products.but it's fantastic app,cool app btw order time good quality eating product bcz used eating item say herelectronics beauty products fantastic delivered 15 20 mins but1problem handling charge also 200 get 30charge cool app btw order time good quality eating product bcz used eating item say electronics beauty productsbut fantastic app,Pricing & Value Influence,Analyzes how pricing and discount structures influence new category trial.,https://play.google.com/store/apps/details?id=com.grofers.customerapp&reviewId=9636cc35-2f15-4a21-9df2-8ed5c07c13ee
Play Store,2026-06-02,5,"Absolutely love the speed and convenience. Getting my daily groceries and household items delivered in just 10 minutes is a lifesaver. The app is incredibly easy to use, and they always have great deals. Highly recommended for quick deliveries",absolutely love speed convenience getting daily groceries household items delivered 10 minutes lifesaver app incredibly easy use always great deals highly recommended quick deliveries,Repeat Purchase & Habits,Discusses recurring/habitual purchase patterns and daily grocery routines.,https://play.google.com/store/apps/details?id=com.grofers.customerapp&reviewId=654c7b48-6965-446e-92a0-582d7dfa0eea
Play Store,2026-06-14,5,"Excellent app for quick grocery delivery! The interface is simple and easy to use, delivery is usually very fast, and the products are fresh and well-packed. It has made daily shopping much more convenient and time-saving. The discounts and offers are also helpful. Highly recommended for anyone looking for a reliable grocery delivery service.",excellent app quick grocery delivery interface simple easy use delivery usually fast products fresh wellpacked made daily shopping much convenient timesaving discounts offers also helpful highly recommended anyone looking reliable grocery delivery service,Repeat Purchase & Habits,Discusses recurring/habitual purchase patterns and daily grocery routines.,https://play.google.com/store/apps/details?id=com.grofers.customerapp&reviewId=d24fc530-f6ad-47dd-b3a4-eda90a705814
Play Store,2026-06-10,1,they charge delivery and handling charges for big orders as well. the handling is still poor and they sent expired items which are listed on offer. they also describe one item and send a different one.,charge delivery handling charges big orders well handling still poor sent expired items listed offer also describe one item send different one,Pricing & Value Influence,Analyzes how pricing and discount structures influence new category trial.,https://play.google.com/store/apps/details?id=com.grofers.customerapp&reviewId=544adeb7-634d-45e1-9ae5-f4653b204aba
Play Store,2026-06-03,1,"I am not happy with Blinkit's service. Yesterday, I placed two orders worth ₹149 each. After adding delivery and handling charges, the total amount became ₹191. However, at the time of delivery, I was charged an additional ₹221 due to high-demand or rush-hour fees. I would like to point out that managing high demand is Blinkit's responsibility and should not result in extra charges for customers. Other delivery applications do not impose such additional fees during rush hours. This experience",happy blinkits service yesterday placed two orders worth 149 adding delivery handling charges total amount became 191 however time delivery charged additional 221 due highdemand rushhour fees would like point managing high demand blinkits responsibility result extra charges customers delivery applications impose additional fees rush hours experience,Pricing & Value Influence,Analyzes how pricing and discount structures influence new category trial.,https://play.google.com/store/apps/details?id=com.grofers.customerapp&reviewId=f9a5dd10-1d00-4d6b-b975-1a82a3ecc9e3
Play Store,2026-05-19,4,"Hi Blinkit team, I was placing an order and after calculating all items, I found around ₹100 difference in the final bill. I was shocked because orders above ₹200 usually should not have shipping charges. My order total was above ₹200, so why is this extra ₹100 difference showing? Please explain the charges clearly.",hi blinkit team placing order calculating items found around 100 difference final bill shocked orders 200 usually shipping charges order total 200 extra 100 difference showing please explain charges clearly,Pricing & Value Influence,Analyzes how pricing and discount structures influence new category trial.,https://play.google.com/store/apps/details?id=com.grofers.customerapp&reviewId=d2020af9-1793-444c-a0a4-5f9553ae457e
Play Store,2026-07-02,5,"Super fast delivery and all products were fresh and well packed. The app is easy to use, delivery partner was polite, and the overall experience was excellent. Highly recommended for quick grocery shopping. Keep up the great work! Hello Blinkit Team, My name is Nishu Nix. I really like your service. Deliveries are always fast, products are fresh, and the overall experience is excellent. As a loyal customer, I would be grateful if you could provide me with a special discount coupon or offer",super fast delivery products fresh well packed app easy use delivery partner polite overall experience excellent highly recommended quick grocery shopping keep great work hello blinkit team name nishu nix really like service deliveries always fast products fresh overall experience excellent loyal customer would grateful could provide special discount coupon offer,Pricing & Value Influence,Analyzes how pricing and discount structures influence new category trial.,https://play.google.com/store/apps/details?id=com.grofers.customerapp&reviewId=30429ccb-0a28-4c5e-b041-cf90f5bfecce
Play Store,2026-07-20,4,fast and good delivery but every time when i order below 150 it charges delivery fees which is too high for small things.... then whats the point for fastest and cheapest price! .... every time you applied the delivery fees and make the prices high compare to market rate.,fast good delivery every time order 150 charges delivery fees high small things whats point fastest cheapest price every time applied delivery fees make prices high compare market rate,Pricing & Value Influence,Analyzes how pricing and discount structures influence new category trial.,https://play.google.com/store/apps/details?id=com.grofers.customerapp&reviewId=f1a65857-d0ea-4679-add6-9f0eff842386
Play Store,2026-06-06,1,"I had a great experience with Blinkit. My order was delivered very quickly, and all the items were fresh and well-packed. The app was easy to use, and the delivery partner was polite and professional. Overall, I am very satisfied with the service and would definitely recommend Blinkit to others.😊",great experience blinkit order delivered quickly items fresh wellpacked app easy use delivery partner polite professional overall satisfied service would definitely recommend blinkit others,Recommendations & Personalization,Focuses on app-driven product recommendations and personalization.,https://play.google.com/store/apps/details?id=com.grofers.customerapp&reviewId=a91d75b0-9045-472b-924b-0a0237e278db
Play Store,2026-07-24,2,Everytime I've shopped from this app for vegetables i feel i got robbed prices are much more than the market price of every vegetable or any other products i order plus they charge a handling fee additionally a delivery charge even if my shopping cart values above rupees 200. so I've stopped using this app altogether,everytime ive shopped app vegetables feel got robbed prices much market price every vegetable products order plus charge handling fee additionally delivery charge even shopping cart values rupees 200 ive stopped using app altogether,Pricing & Value Influence,Analyzes how pricing and discount structures influence new category trial.,https://play.google.com/store/apps/details?id=com.grofers.customerapp&reviewId=332c8e4b-6a9a-463c-958d-1d0a06f663bf
Play Store,2026-05-26,4,"It is a good delivery app and I have ordered many times also they give coupans but they do not give free delivery in any of the order like other apps do like zepto, flipkart minutes above of the order ₹100 but they don't do like this it is a humble request to add free delivery above the order of ₹100",good delivery app ordered many times also give coupans give free delivery order like apps like zepto flipkart minutes order 100 dont like humble request add free delivery order 100,Competitor Comparison,Compares shopping experience and category layout with competitor platforms.,https://play.google.com/store/apps/details?id=com.grofers.customerapp&reviewId=bad9a550-2356-4100-b28a-2a04c675317d
Play Store,2026-07-13,4,Amazing app! Easy to use and has a wide array of products. As a crocheter i wish they had yarn but its fine. Also there are sone handling and delivery charges but all in all its a nice app and you should definitely try it!,amazing app easy use wide array products crocheter wish yarn fine also sone handling delivery charges nice app definitely try,Pricing & Value Influence,Analyzes how pricing and discount structures influence new category trial.,https://play.google.com/store/apps/details?id=com.grofers.customerapp&reviewId=50fcbf97-4e08-4d43-8eb8-29eae8ed4e6a
Play Store,2026-06-15,1,If they don't have ordered items they will add the same item of a different brand which is much cheaper and they will give you a previous higher price only. And they don't consult whether or not you want that cheaper version on the same previous higher price.,dont ordered items add item different brand much cheaper give previous higher price dont consult whether want cheaper version previous higher price,Pricing & Value Influence,Analyzes how pricing and discount structures influence new category trial.,https://play.google.com/store/apps/details?id=com.grofers.customerapp&reviewId=7dca2496-16f6-4c90-ac99-8cff17de9fd4
Play Store,2026-06-14,5,"Very fast delivery in many cities, often within minutes. Great for groceries, snacks, stationery, and last-minute needs. Easy-to-use app and frequent discounts. Many users praise quick replacements and smooth issue resolution.",fast delivery many cities often within minutes great groceries snacks stationery lastminute needs easytouse app frequent discounts many users praise quick replacements smooth issue resolution,Pricing & Value Influence,Analyzes how pricing and discount structures influence new category trial.,https://play.google.com/store/apps/details?id=com.grofers.customerapp&reviewId=206a33f7-0354-44de-9a2e-972c0b132235
Play Store,2026-05-09,5,I think it is the best app for grocery shopping especially at the time of emergency if anything was not there in the house . It is a very convenient app for everyday essentials and basic necessities. I just loved this app .,think best app grocery shopping especially time emergency anything house convenient app everyday essentials basic necessities loved app,Repeat Purchase & Habits,Discusses recurring/habitual purchase patterns and daily grocery routines.,https://play.google.com/store/apps/details?id=com.grofers.customerapp&reviewId=337c2d10-9315-4e05-baf5-9702c236e2e3
Play Store,2026-07-15,5,"Blinkit is a fast and convenient online grocery delivery service in India. It is known for delivering daily essentials, snacks, fruits, vegetables, and household items in just a few minutes. The app is easy to use and well organized, making it simple to find products quickly. Blinkit saves time, especially for busy people who need urgent items. Delivery is usually quick and reliable in many cities. However, sometimes prices can be slightly higher than local stores. Overall, blinkit isveryhelpful",blinkit fast convenient online grocery delivery service india known delivering daily essentials snacks fruits vegetables household items minutes app easy use well organized making simple find products quickly blinkit saves time especially busy people need urgent items delivery usually quick reliable many cities however sometimes prices slightly higher local stores overall blinkit isveryhelpful,Repeat Purchase & Habits,Discusses recurring/habitual purchase patterns and daily grocery routines.,https://play.google.com/store/apps/details?id=com.grofers.customerapp&reviewId=4d1b3a9a-3cee-480c-a64a-69ccf79c612b
Play Store,2026-05-22,1,"Blinkit adding extra charges every time — sometimes it’s a high demand charge, other times a rain surge charge. Convenience is fine, but these fees are making even small orders expensive. Better to stop using Blinkit and move to BigBasket for more reasonable pricing.",blinkit adding extra charges every time sometimes high demand charge times rain surge charge convenience fine fees making even small orders expensive better stop using blinkit move bigbasket reasonable pricing,Pricing & Value Influence,Analyzes how pricing and discount structures influence new category trial.,https://play.google.com/store/apps/details?id=com.grofers.customerapp&reviewId=bcd96e34-bdb8-4a38-9bf6-d1fbcbf79776
Play Store,2026-05-16,5,"Blinkit is my go-to app for daily grocery needs. I order my Amul milk, curd, and butter every morning, and they always arrive fresh and perfectly chilled within 10 minutes. The interface is super smooth and delivery is incredibly fast. Highly recommended!",blinkit goto app daily grocery needs order amul milk curd butter every morning always arrive fresh perfectly chilled within 10 minutes interface super smooth delivery incredibly fast highly recommended,Repeat Purchase & Habits,Discusses recurring/habitual purchase patterns and daily grocery routines.,https://play.google.com/store/apps/details?id=com.grofers.customerapp&reviewId=0340474e-100a-49a1-99e6-8899ecd796ba
Play Store,2026-06-06,5,"very good service editing this after 6 months of using the app. still I would accept that the service is very good and 24x7. Products are fresh and good quality Just one request in our area pin 700144 , most of the time in evening they take a surcharge. We would be grateful if this can be taken care of",good service editing 6 months using app still would accept service good 24x7 products fresh good quality one request area pin 700144 time evening take surcharge would grateful taken care,"Quality, Trust & Freshness",Examines quality trust barriers that prevent users from exploring fresh categories.,https://play.google.com/store/apps/details?id=com.grofers.customerapp&reviewId=8246ab6a-1ca0-4c4f-b188-8aa311211840
Play Store,2026-06-28,1,"This is the worst app it could be, they over charge you when you go to final order price where 50 rs product becomes 150 rs product with hidden charges and stupid pointless costs like handling cost and small cart charge, why are they taking small cart charge when they launched this app to deliver small items on last minutes, absolute rubbish app ever",worst app could charge go final order price 50 rs product becomes 150 rs product hidden charges stupid pointless costs like handling cost small cart charge taking small cart charge launched app deliver small items last minutes absolute rubbish app ever,Pricing & Value Influence,Analyzes how pricing and discount structures influence new category trial.,https://play.google.com/store/apps/details?id=com.grofers.customerapp&reviewId=515e5913-509e-4da4-9f28-54eea805f829
Play Store,2026-05-27,4,"some items are relatively expensive, good factor they are delivered round the clock. had very bad experience on electronics items bought. shows 7 days return policy but their help center rep denied of any such possibility and suggested to reach band service which I am not aware of. sounds absurd. beware before You buy. do not expect any assistance from their end.",items relatively expensive good factor delivered round clock bad experience electronics items bought shows 7 days return policy help center rep denied possibility suggested reach band service aware sounds absurd beware buy expect assistance end,Pricing & Value Influence,Analyzes how pricing and discount structures influence new category trial.,https://play.google.com/store/apps/details?id=com.grofers.customerapp&reviewId=93afbdac-751b-4dfe-a603-1befceca7339
Play Store,2026-05-18,2,"Hello Blinkit team, There are many people in our area who would love to use Blinkit, but unfortunately the service is not available here yet. Quick delivery services are really useful for groceries, medicines, and daily essentials, especially during emergencies. We request you to consider expanding Blinkit to our area soon. It would definitely be appreciated by a lot of residents here. Thank you!",hello blinkit team many people area would love use blinkit unfortunately service available yet quick delivery services really useful groceries medicines daily essentials especially emergencies request consider expanding blinkit area soon would definitely appreciated lot residents thank,Repeat Purchase & Habits,Discusses recurring/habitual purchase patterns and daily grocery routines.,https://play.google.com/store/apps/details?id=com.grofers.customerapp&reviewId=54054d0f-ebae-4ad2-a4fc-5711aa59368b
Play Store,2026-05-20,5,a great app for all things delivered in minutes. but just a request that if possible blinkit should add should add items of low cost also for example chocolate of 10 rupees or ice cream 10 rupees the items are available but at 20 or 30 rupees. overall it's a great app,great app things delivered minutes request possible blinkit add add items low cost also example chocolate 10 rupees ice cream 10 rupees items available 20 30 rupees overall great app,Pricing & Value Influence,Analyzes how pricing and discount structures influence new category trial.,https://play.google.com/store/apps/details?id=com.grofers.customerapp&reviewId=b8241d75-76ca-4bd0-8ecf-69762a46a830
Play Store,2026-05-27,5,"huge thanks to the Blinkit team and delivery partner for delivering my order at 3 AM. It really helped at an important time.tried Swiggy, Zepto, and other apps, but nobody was delivering at 3 AM. Blinkit was the only one available and delivered on time. Really thankful to the team and delivery partner for being there at midnight. Great service!",huge thanks blinkit team delivery partner delivering order 3 really helped important timetried swiggy zepto apps nobody delivering 3 blinkit one available delivered time really thankful team delivery partner midnight great service,Competitor Comparison,Compares shopping experience and category layout with competitor platforms.,https://play.google.com/store/apps/details?id=com.grofers.customerapp&reviewId=230f0139-45a0-45e9-adcb-e9c20ccdfd17
Play Store,2026-06-14,1,"Charging ₹100 for delivering an item worth ₹20 is absolutely ridiculous. On top of that, the unnecessary attitude and drama made the experience even worse. If it hadn't been late at night, I would never have ordered from here. It honestly felt like a rip-off. Definitely not recommended.",charging 100 delivering item worth 20 absolutely ridiculous top unnecessary attitude drama made experience even worse hadnt late night would never ordered honestly felt like ripoff definitely recommended,Pricing & Value Influence,Analyzes how pricing and discount structures influence new category trial.,https://play.google.com/store/apps/details?id=com.grofers.customerapp&reviewId=7e954cb2-b7fa-4f29-b105-33357f170bad
Play Store,2026-07-20,4,two suggestions to blinkit 1. please maintain hygeine and cleanliness with packaging and delivering 2. give more coupons for lesser value cart also so the delivery charges can be covered. delivery charges are high compared to other platforms. also the range of products offered by blinkit is so good.,two suggestions blinkit 1 please maintain hygeine cleanliness packaging delivering 2 give coupons lesser value cart also delivery charges covered delivery charges high compared platforms also range products offered blinkit good,Pricing & Value Influence,Analyzes how pricing and discount structures influence new category trial.,https://play.google.com/store/apps/details?id=com.grofers.customerapp&reviewId=0ca6a4fd-144e-404c-856e-6e45b282e3b9
Play Store,2026-06-08,5,"⭐⭐⭐⭐⭐ Amazing service! Ordered through Blinkit and received my order very quickly. The delivery was fast, packaging was neat, and all items arrived in perfect condition. The app is easy to use and the delivery partner was polite and professional. Very convenient for urgent daily needs. Highly recommended for anyone looking for quick and reliable grocery and household deliveries. Great experience overall! 0",amazing service ordered blinkit received order quickly delivery fast packaging neat items arrived perfect condition app easy use delivery partner polite professional convenient urgent daily needs highly recommended anyone looking quick reliable grocery household deliveries great experience overall 0,Repeat Purchase & Habits,Discusses recurring/habitual purchase patterns and daily grocery routines.,https://play.google.com/store/apps/details?id=com.grofers.customerapp&reviewId=b17134e0-4e3c-436f-885d-3150129d8c7f
Play Store,2026-05-13,4,"At Blinkit , it is always fast delivery ( but also sometimes taking longer time to deliver )the cost of the items is kinda high and the delivery charge and handling fee is making it even more higher. I kindly request blinkit to reduce the cost of the shopping items and also please don't include unnecessary taxes or fee or charge at the billing , so that we could save more in online shopping .",blinkit always fast delivery also sometimes taking longer time deliver cost items kinda high delivery charge handling fee making even higher kindly request blinkit reduce cost shopping items also please dont include unnecessary taxes fee charge billing could save online shopping,Pricing & Value Influence,Analyzes how pricing and discount structures influence new category trial.,https://play.google.com/store/apps/details?id=com.grofers.customerapp&reviewId=ba068fdb-fd33-4fa8-beee-0a23c85e545f
Play Store,2026-07-01,4,It is very expensive 😪 and stationery item are not able. It is not to good in stationery 🙄🙄 it is getting nice I mean I liking it nice app 😊😊 but still stationery items r expensive and most r not available and the Japanese thin tip pen is not available in blue gel but it's ok nick app,expensive stationery item able good stationery getting nice mean liking nice app still stationery items r expensive r available japanese thin tip pen available blue gel ok nick app,Pricing & Value Influence,Analyzes how pricing and discount structures influence new category trial.,https://play.google.com/store/apps/details?id=com.grofers.customerapp&reviewId=5e3afebf-dd76-4580-9e22-5b301cd47b1f
Play Store,2026-06-01,1,"⭐ 1 Star Review ""I purchased this charger because it was advertised as an 80W fast charger, but it does not provide fast charging on my phone. The product performance does not match the description. I feel like I wasted my money. Very disappointed with this purchase. Please provide accurate product information to customers."" Short version: ⭐ 1 Star ""Bought this charger expecting 80W fast charging, but it doesn't fast charge my phone at all. The product doe",1 star review purchased charger advertised 80w fast charger provide fast charging phone product performance match description feel like wasted money disappointed purchase please provide accurate product information customers short version 1 star bought charger expecting 80w fast charging doesnt fast charge phone product doe,Pricing & Value Influence,Analyzes how pricing and discount structures influence new category trial.,https://play.google.com/store/apps/details?id=com.grofers.customerapp&reviewId=2693e577-d620-48eb-a7dd-680153971623
Play Store,2026-06-30,1,"Amazing app for grocery savings but doesnt have a return policy other than returning at the door; we dont actually know what is inside the packages, So return policy at door doesnt make much sense. BB takes returns upto 48hrs, Flipkart too. So I am uninstalling this app, as there are other Quick commerce apps that are using sensible return policies and methods. update: i received an expired coffee, a delivery executive was sent to pickup the packet and he wouldn't take it back as it was open.",amazing app grocery savings doesnt return policy returning door dont actually know inside packages return policy door doesnt make much sense bb takes returns upto 48hrs flipkart uninstalling app quick commerce apps using sensible return policies methods update received expired coffee delivery executive sent pickup packet wouldnt take back open,Competitor Comparison,Compares shopping experience and category layout with competitor platforms.,https://play.google.com/store/apps/details?id=com.grofers.customerapp&reviewId=e2f53ac4-048e-4f29-ae5f-6fcb9c0128ce
Play Store,2026-07-15,5,"Blinkit is absolutely amazing! Their grocery delivery is incredibly reliable and lightning-fast. Whenever I need daily essentials, they arrive in minutes, making life so much easier. But what truly makes Blinkit stand out is their free ambulance service. It is a fantastic, life-saving initiative that shows they genuinely care about the community. It’s rare to see an app combine top-tier convenience with such meaningful social responsibility. Highly recommend this app for speed and heart!",blinkit absolutely amazing grocery delivery incredibly reliable lightningfast whenever need daily essentials arrive minutes making life much easier truly makes blinkit stand free ambulance service fantastic lifesaving initiative shows genuinely care community rare see app combine toptier convenience meaningful social responsibility highly recommend app speed heart,Repeat Purchase & Habits,Discusses recurring/habitual purchase patterns and daily grocery routines.,https://play.google.com/store/apps/details?id=com.grofers.customerapp&reviewId=c4f94f43-09e9-4d8a-a5e0-7aeb55fb6f33
Play Store,2026-05-14,2,"Too much pricing and the order takes a whole lot of time to be delivered.. Recently, after confirming our order it took about 10 mins just to assign a delivery partner. The products are all fine however the service isn't great and the pricing seems unfair as they add surge charge and stuff. Once the product we ordered got sold whilst the ordering process..",much pricing order takes whole lot time delivered recently confirming order took 10 mins assign delivery partner products fine however service isnt great pricing seems unfair add surge charge stuff product ordered got sold whilst ordering process,Pricing & Value Influence,Analyzes how pricing and discount structures influence new category trial.,https://play.google.com/store/apps/details?id=com.grofers.customerapp&reviewId=62b7a9cf-9027-49a9-adca-4a3726891348
Play Store,2026-06-02,3,actually everything is fine but the delivery charges are way too high for students😅🥲 but rest everything is fine andi loved it and also the app was easy to use and deliveries were on time and the products I got also were in good condition.... but delivery chages are not suitable for students...,actually everything fine delivery charges way high students rest everything fine andi loved also app easy use deliveries time products got also good condition delivery chages suitable students,Pricing & Value Influence,Analyzes how pricing and discount structures influence new category trial.,https://play.google.com/store/apps/details?id=com.grofers.customerapp&reviewId=178c0e52-2d9d-48e3-b609-9e0500c81e46
Play Store,2026-06-03,1,i nowadays hate blinkit due to its harsh system as there is no cancel option even after a few moments of confirmation and also even when delivery partners are not available they don't give an option to cancel orders also they are now charging much more delivery and handling fees and offers are also disgusting which always forces to order more . I will recommend Indians to use Instamart or do offline shopping especially in India . I hope blinkit would do improvement in future .,nowadays hate blinkit due harsh system cancel option even moments confirmation also even delivery partners available dont give option cancel orders also charging much delivery handling fees offers also disgusting always forces order recommend indians use instamart offline shopping especially india hope blinkit would improvement future,Product & Category Exploration,Discusses user journey in exploring new categories and catalog variety.,https://play.google.com/store/apps/details?id=com.grofers.customerapp&reviewId=2292bcb4-cb48-4758-a7f1-2eeec9e60ef1
Play Store,2026-05-15,5,"Blinkit is incredibly convenient and a massive time-saver for my daily needs. The lightning-fast delivery is a total mood maker, and knowing I can rely on them gives me true peace of mind. It’s more than just an app; it’s a genuine happiness and joy bringer that makes life so much smoother. Highly recommended for anyone looking to simplify their routine.",blinkit incredibly convenient massive timesaver daily needs lightningfast delivery total mood maker knowing rely gives true peace mind app genuine happiness joy bringer makes life much smoother highly recommended anyone looking simplify routine,Repeat Purchase & Habits,Discusses recurring/habitual purchase patterns and daily grocery routines.,https://play.google.com/store/apps/details?id=com.grofers.customerapp&reviewId=a323ecf5-57ae-42bf-9f88-0ff690172c04
Play Store,2026-05-16,1,"consecutively the service is deteriorating. Bags are torned, milk packets are delivered leaked, very low rated service. It has been communicated many times and committed by service team that will not be repeated everything since last 2 months. I order almost every alternate day. Now it is a high time to switch to other service providers.",consecutively service deteriorating bags torned milk packets delivered leaked low rated service communicated many times committed service team repeated everything since last 2 months order almost every alternate day high time switch service providers,Repeat Purchase & Habits,Discusses recurring/habitual purchase patterns and daily grocery routines.,https://play.google.com/store/apps/details?id=com.grofers.customerapp&reviewId=33344aad-6b89-4af9-b5d4-e9a7453a54a9
Play Store,2026-06-21,1,"they are not able cancel even a single order .If I had ordered twice because it is shows in app single item the owner is just idiot they bunch of cork without thinking about customer i have another option like big basket, zepto even zepto is better than this app .🗣🗣🗣 🤬🤬🤬",able cancel even single order ordered twice shows app single item owner idiot bunch cork without thinking customer another option like big basket zepto even zepto better app,Product & Category Exploration,Discusses user journey in exploring new categories and catalog variety.,https://play.google.com/store/apps/details?id=com.grofers.customerapp&reviewId=c2d3be16-0dad-424f-821c-0882c5ddfcfa
Play Store,2026-05-29,3,"blinkit is great when things are needed urgently, otherwise if you want something at a good price and quality you must buy it from local, blinkit has a variety of products but they're costlier from the local market also if you want a normal pen you have order a bunch of them because they don't even have a ""single""ball pen.",blinkit great things needed urgently otherwise want something good price quality must buy local blinkit variety products theyre costlier local market also want normal pen order bunch dont even singleball pen,Product & Category Exploration,Discusses user journey in exploring new categories and catalog variety.,https://play.google.com/store/apps/details?id=com.grofers.customerapp&reviewId=676c949a-a237-4a70-bb86-7decace4d1f3
Play Store,2026-06-22,1,Downgraded the rating from 5 to 1. Standard have slipped. these guys are good for groceries not any other product. they don't have return policy like Amazon does. Sorry you just lost business from me. I'll rely more on Amazon now a 10 mins delivery than yours. they take action on bad quality products not like you you guys sold me a laptop stand which is a thin take item and refused to take it when I raised the quality issue immediately citin no return policy. ill be seeing you in consumer court,downgraded rating 5 1 standard slipped guys good groceries product dont return policy like amazon sorry lost business ill rely amazon 10 mins delivery take action bad quality products like guys sold laptop stand thin take item refused take raised quality issue immediately citin return policy ill seeing consumer court,"Quality, Trust & Freshness",Examines quality trust barriers that prevent users from exploring fresh categories.,https://play.google.com/store/apps/details?id=com.grofers.customerapp&reviewId=3918132a-becd-4020-bdd7-4bb230d8dd9e
Play Store,2026-07-12,4,Blinkit must take care of extra charges. From other app if we order they don't charge extra. But Blinkit whether you purchase for RS 300 or 5k items they charge extra for unnecessary reasons. I am a regular customer you must take care of those extra charges,blinkit must take care extra charges app order dont charge extra blinkit whether purchase rs 300 5k items charge extra unnecessary reasons regular customer must take care extra charges,Repeat Purchase & Habits,Discusses recurring/habitual purchase patterns and daily grocery routines.,https://play.google.com/store/apps/details?id=com.grofers.customerapp&reviewId=2471bcca-d0d9-4444-8347-fdd72c330460
Play Store,2026-06-16,5,"""Blinkit delivery partners are really helpful. They treat customers with care, almost like a father or brother helping at home. The delivery was quick, polite, and hassle-free. The app is easy to use, products are available when needed, and the overall service is excellent. Thank you, Blinkit, for making everyday shopping so convenient. Highly recommended!""",blinkit delivery partners really helpful treat customers care almost like father brother helping home delivery quick polite hasslefree app easy use products available needed overall service excellent thank blinkit making everyday shopping convenient highly recommended,Repeat Purchase & Habits,Discusses recurring/habitual purchase patterns and daily grocery routines.,https://play.google.com/store/apps/details?id=com.grofers.customerapp&reviewId=1fe82bb0-c104-4d88-b670-eda40edc3e1d
Play Store,2026-07-14,4,this app is very helpful if we need something it delivers on time it never takes more time what is charge so much delivering charge if we you have ordered something of rs 97 imagine the price will increase to 151 kindly I request to charge less delivery charge the item which we are ordering is cheap but your delivery charge is so high,app helpful need something delivers time never takes time charge much delivering charge ordered something rs 97 imagine price increase 151 kindly request charge less delivery charge item ordering cheap delivery charge high,Pricing & Value Influence,Analyzes how pricing and discount structures influence new category trial.,https://play.google.com/store/apps/details?id=com.grofers.customerapp&reviewId=dbaecaf3-37ca-466a-95cb-2e9a3bac927f
Play Store,2026-06-17,2,"Your doctor call from your unit was very harash. You need to be careful who the person on other line to behave and be polite on call. First of all he was not a doctor, was a call center guy as there was no manners in his speaking to the ordering party. This is my 3rd experience with Blinkit orders. Bad exoeriece. Another bad experience it is a call center, as it goes on answering machine. The best option is to remove this items. as for me Zepto during emergency is the best option.",doctor call unit harash need careful person line behave polite call first doctor call center guy manners speaking ordering party 3rd experience blinkit orders bad exoeriece another bad experience call center goes answering machine best option remove items zepto emergency best option,Product & Category Exploration,Discusses user journey in exploring new categories and catalog variety.,https://play.google.com/store/apps/details?id=com.grofers.customerapp&reviewId=3fef44a7-0465-4164-a468-a6384ee0da37
Play Store,2026-06-04,3,I'll give 3 star to blinkit because There are always extra charges in this. I just ordered 2 items and calculated the price of both and the amount was different and in blinkit the total amount was more than that.,ill give 3 star blinkit always extra charges ordered 2 items calculated price amount different blinkit total amount,Pricing & Value Influence,Analyzes how pricing and discount structures influence new category trial.,https://play.google.com/store/apps/details?id=com.grofers.customerapp&reviewId=5a2b25e2-7617-443e-b793-2c928ea45204
Play Store,2026-05-31,1,"So many extra charges on 2/3 delivery. it's not fair. It's not fair. for me D Mart is near to buy, instead of giving you so many extra amount on one delivery better to go and buy in reasonable price. my suggestion is if you will do like this very soon your service will close like Bigbasket in our area. I am regular costomer of yours so think on that.",many extra charges 23 delivery fair fair d mart near buy instead giving many extra amount one delivery better go buy reasonable price suggestion like soon service close like bigbasket area regular costomer think,Repeat Purchase & Habits,Discusses recurring/habitual purchase patterns and daily grocery routines.,https://play.google.com/store/apps/details?id=com.grofers.customerapp&reviewId=5d9ec73f-a564-4fe7-8072-fb33414bdd0a
Play Store,2026-06-27,5,"I am consistently impressed by Blinkit's grocery quality. Buying fresh produce online can be risky, but their fruits and vegetables are always premium and well-sorted. The app has an incredibly smooth interface, a massive product selection, and lightning-fast delivery. It saves me so much time and effort compared to navigating local markets!",consistently impressed blinkits grocery quality buying fresh produce online risky fruits vegetables always premium wellsorted app incredibly smooth interface massive product selection lightningfast delivery saves much time effort compared navigating local markets,Product & Category Exploration,Discusses user journey in exploring new categories and catalog variety.,https://play.google.com/store/apps/details?id=com.grofers.customerapp&reviewId=c3c7dc8d-92c5-432f-ad6a-f341c7850939
Play Store,2026-07-12,5,"⭐⭐⭐⭐⭐ Excellent service from Blinkit! My order was delivered incredibly fast, and everything arrived fresh, well-packed, and exactly as ordered. The delivery partner was polite and professional, and the entire experience was smooth from start to finish. Blinkit has made grocery shopping so convenient and hassle-free. I'm truly impressed with the speed, quality, and reliability. Highly recommended to everyone. Keep up the fantastic work!👌🏻👌🏻",excellent service blinkit order delivered incredibly fast everything arrived fresh wellpacked exactly ordered delivery partner polite professional entire experience smooth start finish blinkit made grocery shopping convenient hasslefree im truly impressed speed quality reliability highly recommended everyone keep fantastic work,"Quality, Trust & Freshness",Examines quality trust barriers that prevent users from exploring fresh categories.,https://play.google.com/store/apps/details?id=com.grofers.customerapp&reviewId=aa47e310-95c1-42d3-ba12-43904105eb32
Play Store,2026-07-14,4,this app gives best offers ☺️ . But the one thing is that this app charges rs 12 as handling charge although the other apps charge rs 0 or rs 1 or 2 . and it also don't give offers for old users it gives offers only for new users 😕 just one thing is that you are a new user so you can use this app this ordering grocery everything app it is best in this best offers best discounts and sometimes free things with your big Cart 🛒,app gives best offers one thing app charges rs 12 handling charge although apps charge rs 0 rs 1 2 also dont give offers old users gives offers new users one thing new user use app ordering grocery everything app best best offers best discounts sometimes free things big cart,Pricing & Value Influence,Analyzes how pricing and discount structures influence new category trial.,https://play.google.com/store/apps/details?id=com.grofers.customerapp&reviewId=1ca8b0e2-8612-4aea-9e2d-d2f2db8324a0
Play Store,2026-07-11,3,blinkit is good but the prices of the items are more than they are in market. and then u charge an extra of handling charges and delivery charges. if u ppl are charging us for delivery and handling then why there is a rates hike in the prices of items.,blinkit good prices items market u charge extra handling charges delivery charges u ppl charging us delivery handling rates hike prices items,Pricing & Value Influence,Analyzes how pricing and discount structures influence new category trial.,https://play.google.com/store/apps/details?id=com.grofers.customerapp&reviewId=6b46cd26-1f6e-4e02-a201-b5b1f3641486
Play Store,2026-06-03,5,"Blinkit is an excellent app with the fastest delivery service. The products are of very good quality and are available at attractive discounted prices. The delivery personnel are polite, professional, and well-behaved. The entire purchasing process is smooth, convenient, and hassle-free. I am highly satisfied with the service and would definitely recommend Blinkit to others.",blinkit excellent app fastest delivery service products good quality available attractive discounted prices delivery personnel polite professional wellbehaved entire purchasing process smooth convenient hasslefree highly satisfied service would definitely recommend blinkit others,Pricing & Value Influence,Analyzes how pricing and discount structures influence new category trial.,https://play.google.com/store/apps/details?id=com.grofers.customerapp&reviewId=8c3a2d53-9de0-4554-8e2d-cde6707d49a7
Play Store,2026-05-24,5,"Super fast and reliable! Blinkit is my absolute go-to app for daily essentials. Delivering grocery items within 10-15 minutes is just incredible. The app interface is smooth, and the packaging is always neat. Highly recommended!",super fast reliable blinkit absolute goto app daily essentials delivering grocery items within 1015 minutes incredible app interface smooth packaging always neat highly recommended,Repeat Purchase & Habits,Discusses recurring/habitual purchase patterns and daily grocery routines.,https://play.google.com/store/apps/details?id=com.grofers.customerapp&reviewId=73aaa7f2-aba8-4c4b-bf9f-d83345eb9270
Play Store,2026-05-26,5,"Hi, I would like to suggest something. The wishlist feature, right now items are removed from the wishlist once they are ordered. Can it be made so that the items stay in the wishlist when they are ordered? It helps a lot with frequently reordered items.",hi would like suggest something wishlist feature right items removed wishlist ordered made items stay wishlist ordered helps lot frequently reordered items,Recommendations & Personalization,Focuses on app-driven product recommendations and personalization.,https://play.google.com/store/apps/details?id=com.grofers.customerapp&reviewId=75f01633-efda-42cb-90da-2abe9e9a9887
Play Store,2026-06-07,1,"As a regular Blinkit customer in Chennai, I'm disappointed with the inconsistent service coverage. Areas that were serviceable suddenly become unavailable without explanation. Deliveries are often slower and less reliable compared to Zepto. Product quality and freshness, especially for groceries and vegetables, also seem better on Zepto. Quick commerce depends on consistency and reliability, and Blinkit needs significant improvement in these areas.",regular blinkit customer chennai im disappointed inconsistent service coverage areas serviceable suddenly become unavailable without explanation deliveries often slower less reliable compared zepto product quality freshness especially groceries vegetables also seem better zepto quick commerce depends consistency reliability blinkit needs significant improvement areas,Repeat Purchase & Habits,Discusses recurring/habitual purchase patterns and daily grocery routines.,https://play.google.com/store/apps/details?id=com.grofers.customerapp&reviewId=ea352fde-60be-4e92-8d6b-5a45aabf9ae9
Play Store,2026-05-12,3,"to many handling charge in my aread Suppose if I order things of 150 approx blinkit make it almost 200 or 210 by adding the extra money like delivery charge handling charge. This app is for the convenience of people..not for taking too many extra money. Okay, the delivery charge should at least be around 10–20 rupees, or that’s understandable. But charging an extra 40–50 rupees is just not fair.”",many handling charge aread suppose order things 150 approx blinkit make almost 200 210 adding extra money like delivery charge handling charge app convenience peoplenot taking many extra money okay delivery charge least around 1020 rupees thats understandable charging extra 4050 rupees fair,Pricing & Value Influence,Analyzes how pricing and discount structures influence new category trial.,https://play.google.com/store/apps/details?id=com.grofers.customerapp&reviewId=433c0d63-19a4-4e1e-86b8-f404617f9c1c
Play Store,2026-05-29,5,I've been using the blinkit app for about 4 to 5 months and honestly blinkit is a life saver app when you need things at the last time and the delivery is super fast btw the groceries and milk and other items are so fresh and well packed and the delivery partners aur usually polite and fast and thank youuuuu for inventing this app it helped me soo muchhhh at the emergencies,ive using blinkit app 4 5 months honestly blinkit life saver app need things last time delivery super fast btw groceries milk items fresh well packed delivery partners aur usually polite fast thank youuuuu inventing app helped soo muchhhh emergencies,Repeat Purchase & Habits,Discusses recurring/habitual purchase patterns and daily grocery routines.,https://play.google.com/store/apps/details?id=com.grofers.customerapp&reviewId=5b051405-6e98-4a22-bb2b-cdde677c02df
Play Store,2026-06-05,1,"This company is pathetic, the way they go about forcing their online video ads on unsuspecting surfers. they shamelessly hijack your screen and blocking out all your controls, repeatedly drag you to the play store, there's no button to exit this trap, rather it tries to fool you with false buttons. I'm uninstalling their irritating App from all my family devices, stopping all purchases. they deserve it.",company pathetic way go forcing online video ads unsuspecting surfers shamelessly hijack screen blocking controls repeatedly drag play store theres button exit trap rather tries fool false buttons im uninstalling irritating app family devices stopping purchases deserve,Search & Navigation Experience,Evaluates the ease of searching and finding products inside the catalog.,https://play.google.com/store/apps/details?id=com.grofers.customerapp&reviewId=ae434f2c-ea34-4bd8-b95d-881b13106724
Play Store,2026-07-02,5,"I've had a generally good experience with Blinkit. The app is easy to use, deliveries are usually fast, and the product selection is good. Most orders arrive on time, and the convenience of getting groceries and essentials & prints delivered within minutes is a big advantage. Thank you so much Blinkit. 😊",ive generally good experience blinkit app easy use deliveries usually fast product selection good orders arrive time convenience getting groceries essentials prints delivered within minutes big advantage thank much blinkit,Product & Category Exploration,Discusses user journey in exploring new categories and catalog variety.,https://play.google.com/store/apps/details?id=com.grofers.customerapp&reviewId=9bb40db9-a94f-436a-a829-2caad56208a7
Play Store,2026-06-24,4,"extra taxes are too much and minimal order should be of ₹100 as because of minimal order price we don't feel like ordering due to which either we order unnecessary product so as avoid small cart , surge taxes and handling charges.",extra taxes much minimal order 100 minimal order price dont feel like ordering due either order unnecessary product avoid small cart surge taxes handling charges,Pricing & Value Influence,Analyzes how pricing and discount structures influence new category trial.,https://play.google.com/store/apps/details?id=com.grofers.customerapp&reviewId=645a0bb8-70c6-422e-ac41-47821370d78f
Play Store,2026-06-10,5,when I was finding this it was not available but there was option of notyfing the moment I turned on it within 10 to 15 minutes I was notified me that what you were looking for it is available then I taped on it and instantly ordered it very helpful option and I would like to say one more thing I checked it on zepto big basket but they could not help me 😊keep your costomer happy like me,finding available option notyfing moment turned within 10 15 minutes notified looking available taped instantly ordered helpful option would like say one thing checked zepto big basket could help keep costomer happy like,Product & Category Exploration,Discusses user journey in exploring new categories and catalog variety.,https://play.google.com/store/apps/details?id=com.grofers.customerapp&reviewId=e81c9ce6-8525-46fc-9bdd-92f865e607b3
Play Store,2026-07-01,2,"pros- good variety of items..though Zepto is welk catching up. cons- prices of items are higher than that in other similar apps. And for God's sake, please remove that handling fees. if I am ordering something it is expected to be taken care of while delivering, why an extra charge? Be somewhat creative in charging extra..",pros good variety itemsthough zepto welk catching cons prices items higher similar apps gods sake please remove handling fees ordering something expected taken care delivering extra charge somewhat creative charging extra,Product & Category Exploration,Discusses user journey in exploring new categories and catalog variety.,https://play.google.com/store/apps/details?id=com.grofers.customerapp&reviewId=c9b73b2f-36a5-445f-806d-918d3b105104
Play Store,2026-05-26,1,"there is should policy with electronic products even replacements should be taken seriously, I bought a product of agaro brand and the battery was detirotraing fastly even though it was charged initially. i charged it again the same thing.but when asked for replacement so that I can get new brand packed ones they said no replacement because the product was one piece left I am sure. they said to contact brand if someone is contacting the brand then why are guys selling on your premises",policy electronic products even replacements taken seriously bought product agaro brand battery detirotraing fastly even though charged initially charged thingbut asked replacement get new brand packed ones said replacement product one piece left sure said contact brand someone contacting brand guys selling premises,Brand Switching,Discusses shifting preferences from one brand to another or brand substitution.,https://play.google.com/store/apps/details?id=com.grofers.customerapp&reviewId=5d31b139-027a-4eae-b95d-954ec8babb1c
Play Store,2026-07-03,5,"Awesome experience! Ordered grocery, milk, earphones, and chips, and got everything delivered super fast. Outside weather is too cold and I have a fever 🥵, so this saved me from going out. Really happy with the quick service and saved time!",awesome experience ordered grocery milk earphones chips got everything delivered super fast outside weather cold fever saved going really happy quick service saved time,Repeat Purchase & Habits,Discusses recurring/habitual purchase patterns and daily grocery routines.,https://play.google.com/store/apps/details?id=com.grofers.customerapp&reviewId=a3fed0c1-9c04-477c-a106-e359b37a76ac
Play Store,2026-07-16,1,take 30 minutes for single orders to deliver as they need 10 minutes to assign a delivery person. so annoying and irritating such a time waste better go with zepto it takes 10 minutes to deliver the order and such a reasonable price.,take 30 minutes single orders deliver need 10 minutes assign delivery person annoying irritating time waste better go zepto takes 10 minutes deliver order reasonable price,Pricing & Value Influence,Analyzes how pricing and discount structures influence new category trial.,https://play.google.com/store/apps/details?id=com.grofers.customerapp&reviewId=566c2c0a-cd32-4055-b7c7-f93b0358c146
Play Store,2026-06-14,1,horrible experience. had ordered new earbuds and the driver was very rude and asked me to come out of the apt and meet him somewhere else behind the apt. and kept complaining Abt how far the main gate is but as far as ik it is around 50m away and he didn't respond at all. Very disappointing experience and I think zepto is much better with handling all these.,horrible experience ordered new earbuds driver rude asked come apt meet somewhere else behind apt kept complaining abt far main gate far ik around 50m away didnt respond disappointing experience think zepto much better handling,Competitor Comparison,Compares shopping experience and category layout with competitor platforms.,https://play.google.com/store/apps/details?id=com.grofers.customerapp&reviewId=44a2c87b-e391-4b2b-b7e2-280f34dc6daf
Play Store,2026-05-17,5,"It is a good application whenever I require emergency groceries or anything I want. I just order, and it helps me get all the items I need. It also provides suggestions, which is why it's good.",good application whenever require emergency groceries anything want order helps get items need also provides suggestions good,Recommendations & Personalization,Focuses on app-driven product recommendations and personalization.,https://play.google.com/store/apps/details?id=com.grofers.customerapp&reviewId=5ca29a0f-98a2-4cd1-98dd-81ac432e8fc9
Play Store,2026-06-02,4,"yes I agree,that blinkit is Last moment delivery app and very advantageous but I think 💬🤔 that it can make no handling charges as they take delivery charges more as when I order small things it shows 30 rupees and when I make my cart big then it shows that 12 rupees are only cancelled.",yes agreethat blinkit last moment delivery app advantageous think make handling charges take delivery charges order small things shows 30 rupees make cart big shows 12 rupees cancelled,Pricing & Value Influence,Analyzes how pricing and discount structures influence new category trial.,https://play.google.com/store/apps/details?id=com.grofers.customerapp&reviewId=a58195bd-aa63-4f82-84fb-16ed86c39748
Play Store,2026-06-08,1,it was sooo terrible it took extra charge late night fee.i hate it soo much because whenever I order ice cream it always comes melted when the photo says freezed.once I orderd Oreo toffy flavour it comed crushed and 1 Oreo was missing and the packet was open. switch to zepto it is better.blikent is also so confusing and does not sell so much items always some items that I want are out of stock.,sooo terrible took extra charge late night feei hate soo much whenever order ice cream always comes melted photo says freezedonce orderd oreo toffy flavour comed crushed 1 oreo missing packet open switch zepto betterblikent also confusing sell much items always items want stock,Pricing & Value Influence,Analyzes how pricing and discount structures influence new category trial.,https://play.google.com/store/apps/details?id=com.grofers.customerapp&reviewId=64167dfe-78ad-49d5-93d7-0d6e42c4924b
Play Store,2026-06-17,3,"While the service quality is commendable, I have recently opted against utilizing Blinkit due to their pricing structure. The platform levies various surcharges, such as ""handling charges"" and ""high-demand charges,"" which ultimately result in a higher cost per product compared to alternative platforms.",service quality commendable recently opted utilizing blinkit due pricing structure platform levies various surcharges handling charges highdemand charges ultimately result higher cost per product compared alternative platforms,Pricing & Value Influence,Analyzes how pricing and discount structures influence new category trial.,https://play.google.com/store/apps/details?id=com.grofers.customerapp&reviewId=bdd7c3c5-a8f3-4e45-be04-90032e03ad41
App Store,2026-07-22,5,Great app ..and saves you in the last minute emergency and gives good deals…only fruits and veggies need more freshness and you can add medicine also in it…thanks❤️,great app saves last minute emergency gives good dealsonly fruits veggies need freshness add medicine also itthanks,"Quality, Trust & Freshness",Examines quality trust barriers that prevent users from exploring fresh categories.,https://itunes.apple.com/us/review?id=960335206&type=Purple%20Software
App Store,2026-07-11,5,On time delivery and quality of goods is great,time delivery quality goods great,"Quality, Trust & Freshness",Examines quality trust barriers that prevent users from exploring fresh categories.,https://itunes.apple.com/us/review?id=960335206&type=Purple%20Software
App Store,2026-07-05,5,Blinkit is of great use when it comes to emergencies and the product quality is good as well. I would expect consistency in product quality which is only lagging. Once this issue with quality is resolved I hope Blinkit would be a much more dependable platform for customers. Proper quality check is the bottleneck.,blinkit great use comes emergencies product quality good well would expect consistency product quality lagging issue quality resolved hope blinkit would much dependable platform customers proper quality check bottleneck,"Quality, Trust & Freshness",Examines quality trust barriers that prevent users from exploring fresh categories.,https://itunes.apple.com/us/review?id=960335206&type=Purple%20Software
App Store,2026-06-27,1,I am using blink-it over a year but these days their service is very poor. It was not like that before. I'm tired of complaining every time after ordering. They deliver rotten fruits and sometimes missing items.,using blinkit year days service poor like im tired complaining every time ordering deliver rotten fruits sometimes missing items,"Quality, Trust & Freshness",Examines quality trust barriers that prevent users from exploring fresh categories.,https://itunes.apple.com/us/review?id=960335206&type=Purple%20Software
App Store,2026-06-08,3,Statistically most things arrive and are not rotten or missing from the order. It’s just a shame they can’t get it right all the time because it’s my time that is wasted having to complain.,statistically things arrive rotten missing order shame cant get right time time wasted complain,"Quality, Trust & Freshness",Examines quality trust barriers that prevent users from exploring fresh categories.,https://itunes.apple.com/us/review?id=960335206&type=Purple%20Software
App Store,2026-06-05,3,Pricing could be better as compared to its competitors!,pricing could better compared competitors,Pricing & Value Influence,Analyzes how pricing and discount structures influence new category trial.,https://itunes.apple.com/us/review?id=960335206&type=Purple%20Software
App Store,2026-05-24,3,Does not show order details easily tries to hide pricing information,show order details easily tries hide pricing information,Pricing & Value Influence,Analyzes how pricing and discount structures influence new category trial.,https://itunes.apple.com/us/review?id=960335206&type=Purple%20Software
App Store,2026-05-20,1,Charged me twice for charging cable,charged twice charging cable,Pricing & Value Influence,Analyzes how pricing and discount structures influence new category trial.,https://itunes.apple.com/us/review?id=960335206&type=Purple%20Software
App Store,2026-05-19,5,"Love this app Blinkit, a fast and reliable delivery service, and we need it in the USA to improve quick access to everyday essentials!",love app blinkit fast reliable delivery service need usa improve quick access everyday essentials,Repeat Purchase & Habits,Discusses recurring/habitual purchase patterns and daily grocery routines.,https://itunes.apple.com/us/review?id=960335206&type=Purple%20Software
App Store,2026-05-18,1,Just coz am ordering repeatedly mean handling charges are being increased drastically 100% increase in handling charges is truly unfair,coz ordering repeatedly mean handling charges increased drastically 100 increase handling charges truly unfair,Pricing & Value Influence,Analyzes how pricing and discount structures influence new category trial.,https://itunes.apple.com/us/review?id=960335206&type=Purple%20Software
App Store,2026-05-12,5,"In Russia we have Yandex Lavka, Samokat, all these delivery apps. And compared to India — they’ve completely lost their minds. Free delivery only in the morning, only with some weird conditions, surge pricing every five minutes, “high demand”, “weather conditions”, “courier unavailable”, blah blah blah.  Meanwhile Blinkit in India: free delivery half the time, cheap as hell, and FAST.  Me and my bro ordered a ridiculous amount of food and random stuff for like 1500 rubles total. Enough for a WEEK. In Russia that money gets you depression and maybe two energy drinks.  And the speed? Indian couriers DO NOT SLEEP. I swear this country runs on shift rotations like a sci-fi factory. One guy sleeps at 6 PM and wakes up at 3 AM, another sleeps at 2 AM and wakes up at 10. Delivery never stops. Day, night, apocalypse — doesn’t matter.  And somehow there’s STILL no night surcharge. Meanwhile Yandex be like: “high demand 🤓”  So if you’re in India giving Blinkit less than 5 stars — you are spoiled beyond belief. Go live in Russia for a month and then come back. You’ll start kissing the courier when he arrives in 8 minutes.  Blinkit 10/10 app.",russia yandex lavka samokat delivery apps compared india theyve completely lost minds free delivery morning weird conditions surge pricing every five minutes high demand weather conditions courier unavailable blah blah blah meanwhile blinkit india free delivery half time cheap hell fast bro ordered ridiculous amount food random stuff like 1500 rubles total enough week russia money gets depression maybe two energy drinks speed indian couriers sleep swear country runs shift rotations like scifi factory one guy sleeps 6 pm wakes 3 another sleeps 2 wakes 10 delivery never stops day night apocalypse doesnt matter somehow theres still night surcharge meanwhile yandex like high demand youre india giving blinkit less 5 stars spoiled beyond belief go live russia month come back youll start kissing courier arrives 8 minutes blinkit 1010 app,Repeat Purchase & Habits,Discusses recurring/habitual purchase patterns and daily grocery routines.,https://itunes.apple.com/us/review?id=960335206&type=Purple%20Software
App Store,2026-05-08,2,Always a surge charge we do get offers then spend it on surge charge very bad,always surge charge get offers spend surge charge bad,Pricing & Value Influence,Analyzes how pricing and discount structures influence new category trial.,https://itunes.apple.com/us/review?id=960335206&type=Purple%20Software
App Store,2026-04-29,5,"They are always on time, wide variety of options to order. Makes life easy :)",always time wide variety options order makes life easy,Product & Category Exploration,Discusses user journey in exploring new categories and catalog variety.,https://itunes.apple.com/us/review?id=960335206&type=Purple%20Software
App Store,2026-04-14,5,Very good items and for another people don’t buy stuff from bigbasket it scams u,good items another people dont buy stuff bigbasket scams u,Competitor Comparison,Compares shopping experience and category layout with competitor platforms.,https://itunes.apple.com/us/review?id=960335206&type=Purple%20Software
App Store,2026-04-10,5,Fast delivery for regular use products,fast delivery regular use products,Repeat Purchase & Habits,Discusses recurring/habitual purchase patterns and daily grocery routines.,https://itunes.apple.com/us/review?id=960335206&type=Purple%20Software
App Store,2026-04-07,4,It is the best app  Its the last minute app which we can go for it  And its too helpful  The product the delivery   The price of the product and the voucher it offers is absolutely 10/10  Good! Best app ever seen,best app last minute app go helpful product delivery price product voucher offers absolutely 1010 good best app ever seen,Pricing & Value Influence,Analyzes how pricing and discount structures influence new category trial.,https://itunes.apple.com/us/review?id=960335206&type=Purple%20Software
App Store,2026-03-30,5,"Great experience with Blinkit—super fast delivery, easy-to-use app, and good product quality. Very reliable and convenient. Highly recomme",great experience blinkitsuper fast delivery easytouse app good product quality reliable convenient highly recomme,"Quality, Trust & Freshness",Examines quality trust barriers that prevent users from exploring fresh categories.,https://itunes.apple.com/us/review?id=960335206&type=Purple%20Software
App Store,2026-03-29,1,I didn’t get an option for cash on delivery,didnt get option cash delivery,Product & Category Exploration,Discusses user journey in exploring new categories and catalog variety.,https://itunes.apple.com/us/review?id=960335206&type=Purple%20Software
App Store,2026-03-06,1,"It’s pretty good and conscientious at first, prices are great and delivery is free.  However with time the deals will go away and they will start charging you for shipping. They pick up on frequent users and charge them more money which is a serious breach of net neutrality laws. My wife who doesn’t use it much always has free shipping and lower cart totals compared to mine. It’s not about the price but the principle of being so blatantly nefarious and price gouging frequent customers.    Switched to Amazon Now. Delivery is always free and there is cash back with every order!!",pretty good conscientious first prices great delivery free however time deals go away start charging shipping pick frequent users charge money serious breach net neutrality laws wife doesnt use much always free shipping lower cart totals compared mine price principle blatantly nefarious price gouging frequent customers switched amazon delivery always free cash back every order,Pricing & Value Influence,Analyzes how pricing and discount structures influence new category trial.,https://itunes.apple.com/us/review?id=960335206&type=Purple%20Software
App Store,2026-02-25,3,"I like the services and Delivery.. most items are available on the App, but the prices are higher than the other portals.",like services delivery items available app prices higher portals,Pricing & Value Influence,Analyzes how pricing and discount structures influence new category trial.,https://itunes.apple.com/us/review?id=960335206&type=Purple%20Software
App Store,2026-02-25,5,"Excellent i love blinkit low prices overall excellent service, thanks to Blinkit",excellent love blinkit low prices overall excellent service thanks blinkit,Pricing & Value Influence,Analyzes how pricing and discount structures influence new category trial.,https://itunes.apple.com/us/review?id=960335206&type=Purple%20Software
App Store,2026-02-20,1,"Ordered fast charger, but the charger turned out to be slow and blinkit said they can’t do anything in these type of cases only option I had was to contact the manufacturer",ordered fast charger charger turned slow blinkit said cant anything type cases option contact manufacturer,Product & Category Exploration,Discusses user journey in exploring new categories and catalog variety.,https://itunes.apple.com/us/review?id=960335206&type=Purple%20Software
App Store,2026-02-15,1,No offer no discount over pricing,offer discount pricing,Pricing & Value Influence,Analyzes how pricing and discount structures influence new category trial.,https://itunes.apple.com/us/review?id=960335206&type=Purple%20Software
App Store,2026-02-10,1,Waiting for printout from last one hour and they made me to reorder again,waiting printout last one hour made reorder,Repeat Purchase & Habits,Discusses recurring/habitual purchase patterns and daily grocery routines.,https://itunes.apple.com/us/review?id=960335206&type=Purple%20Software
App Store,2026-02-08,1,Completely degraded quality of delivery and service,completely degraded quality delivery service,"Quality, Trust & Freshness",Examines quality trust barriers that prevent users from exploring fresh categories.,https://itunes.apple.com/us/review?id=960335206&type=Purple%20Software
App Store,2026-01-25,3,You should allow foreign phone numbers with WhatsApp and cash option. So all foreigners who come can do the shopping with this app.,allow foreign phone numbers whatsapp cash option foreigners come shopping app,Product & Category Exploration,Discusses user journey in exploring new categories and catalog variety.,https://itunes.apple.com/us/review?id=960335206&type=Purple%20Software
App Store,2025-10-12,4,Grocery items 10% more expensive than local market,grocery items 10 expensive local market,Pricing & Value Influence,Analyzes how pricing and discount structures influence new category trial.,https://itunes.apple.com/us/review?id=960335206&type=Purple%20Software
App Store,2025-10-03,3,"Delivery charges, packing charges are very expensive",delivery charges packing charges expensive,Pricing & Value Influence,Analyzes how pricing and discount structures influence new category trial.,https://itunes.apple.com/us/review?id=960335206&type=Purple%20Software
App Store,2026-07-26,3,"The app is good but the search is very bad. If I search for organic tea or healthy snacks, it keeps displaying the standard non-organic brands that I buy. There is no category exploration feature on the home page.",app good search bad search organic tea healthy snacks keeps displaying standard nonorganic brands buy category exploration feature home page,Product & Category Exploration,Discusses user journey in exploring new categories and catalog variety.,https://apps.apple.com/in/app/blinkit-groceries-more/id1393452285
App Store,22-07-2026,5,order is delivered quick and there is lot of things in the categories to see and buy,order delivered quick lot things categories see buy,Product & Category Exploration,Discusses user journey in exploring new categories and catalog variety.,https://apps.apple.com/in/app/blinkit-groceries-more/id1393452285
App Store,22-07-2026,1,service and products are good but delivery agents in noida are pathetic and also they come with multiple deliveries so always comes late and if we asked they start arguing. no uniform no bags.. so why taking handling charges when everything is messly kept in their bag.. very bad,service products good delivery agents noida pathetic also come multiple deliveries always comes late asked start arguing uniform bags taking handling charges everything messly kept bag bad,Pricing & Value Influence,Analyzes how pricing and discount structures influence new category trial.,https://apps.apple.com/in/app/blinkit-groceries-more/id1393452285
App Store,22-07-2026,2,no discount and you are taking handling charges,discount taking handling charges,Pricing & Value Influence,Analyzes how pricing and discount structures influence new category trial.,https://apps.apple.com/in/app/blinkit-groceries-more/id1393452285
Reddit,2026-07-30,,"Hot Wheels India A place for Indian collectors to post pictures of their finds, ask questions, buy and sell die-casts, and enjoy collecting.      [link]",hot wheels india place indian collectors post pictures finds ask questions buy sell diecasts enjoy collecting link,Search & Navigation Experience,Evaluates the ease of searching and finding products inside the catalog.,https://www.reddit.com/r/Hotwheelsindia/
Reddit,28-07-2026,,"The Smartphone is Destroying us. The biggest revolution of our generation must be fought against the inescapable grip of digital media, particularly the smartphone. This small, seemingly harmless device in our hands is ruining and rotting our minds faster than any weapon of mass destruction humans could have imagined. Constant scrolling and endless screen time have blunted us intellectually, dulled us emotionally, and are draining us physically as well.   Short-form entertainment is reducing our attention spans like never before. The greatest works in human history, preserved in books, require time, patience, and focus. An entire generation is now losing the ability to engage with them, even if those books are sitting on their desks. Great music is becoming less appreciated because so much of today's music is designed around short, dopamine-fueled hooks. Movies are becoming increasingly unoriginal. Scientific discoveries, outside the digital sphere, appear to have slowed. Of course, this may be because scientists, filmmakers, authors, and musicians have also spent the last decade scrolling endlessly, gradually losing their ability to produce original work.   The constant distraction caused by the digital world is making us less introspective. It helps us escape both our conscious and subconscious emotions instead of confronting them. This comes at a heavy emotional cost. People seem less emotionally connected than before. Their relationships—with friends, siblings, parents, and their wider communities—often lack the warmth they once had. Everyone appears to be becoming more self-centered. If we are no longer in touch with our own emotions, how can we truly connect with others? It is no surprise, then, that people are becoming increasingly isolated.   Easy home-delivery services have eliminated much of the need for everyday movement. Almost everything can now be ordered to our doorstep with nothing more than a smartphone and apps like Zepto, Blinkit, Zomato, and Urban Company. This is taking a toll on our physical health. What could once have been a simple walk to the supermarket or a nearby restaurant has been replaced by a few taps on a screen.   Lastly, social media has the power to trap us inside informational bubbles. Once inside these bubbles, those in power can shape what we believe. It may not be true, but the algorithm can make it feel unquestionably real. This is one reason why people sometimes elect incompetent, dangerous, narcissistic, or authoritarian leaders. With enough money invested in propaganda, entire populations can be manipulated. Where are we really heading? What does the future hold for us as long as this force of evil remains in the hands of every one of us, locked to us like a pair of digital handcuffs?      submitted by     /u/Sufficient_Sky1061     to     r/Inquilab      [link]   [comments]",smartphone destroying us biggest revolution generation must fought inescapable grip digital media particularly smartphone small seemingly harmless device hands ruining rotting minds faster weapon mass destruction humans could imagined constant scrolling endless screen time blunted us intellectually dulled us emotionally draining us physically well shortform entertainment reducing attention spans like never greatest works human history preserved books require time patience focus entire generation losing ability engage even books sitting desks great music becoming less appreciated much todays music designed around short dopaminefueled hooks movies becoming increasingly unoriginal scientific discoveries outside digital sphere appear slowed course may scientists filmmakers authors musicians also spent last decade scrolling endlessly gradually losing ability produce original work constant distraction caused digital world making us less introspective helps us escape conscious subconscious emotions instead confronting comes heavy emotional cost people seem less emotionally connected relationshipswith friends siblings parents wider communitiesoften lack warmth everyone appears becoming selfcentered longer touch emotions truly connect others surprise people becoming increasingly isolated easy homedelivery services eliminated much need everyday movement almost everything ordered doorstep nothing smartphone apps like zepto blinkit zomato urban company taking toll physical health could simple walk supermarket nearby restaurant replaced taps screen lastly social media power trap us inside informational bubbles inside bubbles power shape believe may true algorithm make feel unquestionably real one reason people sometimes elect incompetent dangerous narcissistic authoritarian leaders enough money invested propaganda entire populations manipulated really heading future hold us long force evil remains hands every one us locked us like pair digital handcuffs submitted usufficientsky1061 rinquilab link comments,Repeat Purchase & Habits,Discusses recurring/habitual purchase patterns and daily grocery routines.,https://www.reddit.com/r/Inquilab/comments/1v8so0e/the_smartphone_is_destroying_us/
Reddit,28-07-2026,,"How to rent bike for zomato weekends deliveries? Hi partners,   I want to rent a bike/scooty for delivery. I also tried the option displayed in the app itself but they are asking me to book for month. I can't book for month because I only needed for the 2 days of deliveries.   I'm from pune. If anyone knows anything please give some ideas..   Thnx      submitted by     /u/boys777     to     r/blinkit      [link]   [comments]",rent bike zomato weekends deliveries hi partners want rent bikescooty delivery also tried option displayed app asking book month cant book month needed 2 days deliveries im pune anyone knows anything please give ideas thnx submitted uboys777 rblinkit link comments,Product & Category Exploration,Discusses user journey in exploring new categories and catalog variety.,https://www.reddit.com/r/blinkit/comments/1v8rt6h/how_to_rent_bike_for_zomato_weekends_deliveries/
Reddit,28-07-2026,,Adtala filter paper I bought these filters paper from blinkit  And I experience they have faster draw out time compared to hario ones   If any one try these paper experience the same effect  And i am talking about of difference of 15 to 20 sec      submitted by     /u/Grov3r112     to     r/IndiaCoffee      [link]   [comments],adtala filter paper bought filters paper blinkit experience faster draw time compared hario ones one try paper experience effect talking difference 15 20 sec submitted ugrov3r112 rindiacoffee link comments,Search & Navigation Experience,Evaluates the ease of searching and finding products inside the catalog.,https://www.reddit.com/r/IndiaCoffee/comments/1v8rs80/adtala_filter_paper/
Reddit,28-07-2026,,"Lay's Mini Stix Found this at a local shop and it tastes so good! 😭 Unfortunately, I haven't been able to find it on Blinkit, BigBasket, or anywhere else.      submitted by     /u/lazybunny17     to     r/TwentiesIndia      [link]   [comments]",lays mini stix found local shop tastes good unfortunately havent able find blinkit bigbasket anywhere else submitted ulazybunny17 rtwentiesindia link comments,Search & Navigation Experience,Evaluates the ease of searching and finding products inside the catalog.,https://www.reddit.com/r/TwentiesIndia/comments/1v8r012/lays_mini_stix/
Reddit,28-07-2026,,"Lay's Mini Stix Found this at a local shop and it tastes so good! 😭 Unfortunately, I haven't been able to find it on Blinkit, BigBasket, or anywhere else.      submitted by     /u/lazybunny17     to     r/kolkata      [link]   [comments]",lays mini stix found local shop tastes good unfortunately havent able find blinkit bigbasket anywhere else submitted ulazybunny17 rkolkata link comments,Search & Navigation Experience,Evaluates the ease of searching and finding products inside the catalog.,https://www.reddit.com/r/kolkata/comments/1v8qxmx/lays_mini_stix/
Reddit,28-07-2026,,Today add Swiggy 3500 quantity via Paytm money mtf .. Good value stock .. for future? Customer per order value 500 rupee Blinkit some 536 Zepto 349 Swiggy massive undervalue.. Foreigners sell..Mf buy ..       submitted by     /u/Tricky_Clock8263     to     r/IndianStockMarket      [link]   [comments],today add swiggy 3500 quantity via paytm money mtf good value stock future customer per order value 500 rupee blinkit 536 zepto 349 swiggy massive undervalue foreigners sellmf buy submitted utrickyclock8263 rindianstockmarket link comments,Competitor Comparison,Compares shopping experience and category layout with competitor platforms.,https://www.reddit.com/r/IndianStockMarket/comments/1v8nsb7/today_add_swiggy_3500_quantity_via_paytm_money_mtf/
Reddit,28-07-2026,,Today add Swiggy 3500 quantity via Paytm money mtf .. Good value stock .. for future?  Customer per order value 500 rupee  Blinkit some 536  Zepto 349   Swiggy massive undervalue..  Foreigners sell..Mf buy ..       submitted by     /u/Tricky_Clock8263     to     r/IndianStreetBets      [link]   [comments],today add swiggy 3500 quantity via paytm money mtf good value stock future customer per order value 500 rupee blinkit 536 zepto 349 swiggy massive undervalue foreigners sellmf buy submitted utrickyclock8263 rindianstreetbets link comments,Competitor Comparison,Compares shopping experience and category layout with competitor platforms.,https://www.reddit.com/r/IndianStreetBets/comments/1v8nnf9/today_add_swiggy_3500_quantity_via_paytm_money_mtf/
Reddit,28-07-2026,,Zepto now said to IPO @ 25kcr and raise only 5k cr! As part of its investor feedback - Zepto is now looking to raise only 5k cr at 25k cr valuation! Seems like someone has got a reality check now!   Even more bullish now on SWIGGY! Zepto will remain hamstrung and will be forced to discipline itself. Will have to raise much more money shortly after IPOing! Meanwhile Blinkit and Instamart will zoom away with positive cash!      submitted by     /u/JobStriking8796     to     r/IndianStockMarket      [link]   [comments],zepto said ipo 25kcr raise 5k cr part investor feedback zepto looking raise 5k cr 25k cr valuation seems like someone got reality check even bullish swiggy zepto remain hamstrung forced discipline raise much money shortly ipoing meanwhile blinkit instamart zoom away positive cash submitted ujobstriking8796 rindianstockmarket link comments,Competitor Comparison,Compares shopping experience and category layout with competitor platforms.,https://www.reddit.com/r/IndianStockMarket/comments/1v8mlmd/zepto_now_said_to_ipo_25kcr_and_raise_only_5k_cr/
Reddit,28-07-2026,,rain charge reh gya bas😭. all this for 2 bw print outs and a 25 rupees lays 💔      submitted by     /u/franticangel     to     r/blinkit      [link]   [comments],rain charge reh gya bas 2 bw print outs 25 rupees lays submitted ufranticangel rblinkit link comments,Pricing & Value Influence,Analyzes how pricing and discount structures influence new category trial.,https://www.reddit.com/r/blinkit/comments/1v8mfbh/rain_charge_reh_gya_bas/
Reddit,27-07-2026,,"My skincare warriors A few days ago, I posted a review about my Aqua Soft FC Moisturizer and mentioned that someone in this sub had recommended it to me. Before this, I had tried so many moisturizers, but almost every single one gave me breakouts. This is the only moisturizer that actually suited my skin, so I wanted to share my experience.   A lot of you asked in the comments about my complete skincare routine, so I thought I'd make a detailed review. In this post, I'll share every skincare product I use, why I use it, and which products have genuinely worked for my skin. Of course, everyone's skin is different, so what works for me may not work for everyone—but if you have a similar skin type, this might help you find products that work for you too.   First is the  MINIMALIST SALICYLIC ACID CLEANSER . I mainly use this because I have acne-prone, really oily skin. I use it both in the morning and at night.   It cleans my skin really well without making it feel stripped. I don't wear makeup, but it removes my sunscreen really well, including my tinted sunscreen. Ever since I started using this cleanser, I feel like it has definitely helped control my acne and keep my skin much clearer.   So, if you have oily or acne-prone skin, this cleanser has worked really well for me.   Next is the  SKIN1004 Madagascar Centella Tone Brightening Capsule Ampoule with Niacinamide.   Before this, I used the Minimalist Niacinamide Serum and the Plum Niacinamide Serum. Unfortunately, the Plum niacinamide serum and toner didn't suit my skin at all. They were hydrating, but my skin texture became really rough, and I felt like my pores looked much more noticeable.   Then I decided to try this one. I'd seen so many positive reviews, but I kept putting it off because it was expensive. Finally, I gathered the courage to buy the small bottle for around ₹1,000—and I'm so glad I did.   This serum has worked amazingly for me. It makes my skin look brighter, keeps it hydrated, and doesn't feel heavy or greasy. If you have oily skin like me, you know how difficult summers can be. Almost everything feels sticky and uncomfortable, but this serum is lightweight and hydrating without making my face feel oily.   I use it every morning. You can use it at night too, but I have a different nighttime routine, which I'll share later.   Next is my  HOLY GRAIL—THE AQUA SOFT FC MOISTURIZER.   Oh my God, I seriously love everyone who recommended this moisturizer in this sub. Thank you so, so much!   I've already shared this in another post, but literally every moisturizer I've ever tried broke me out. It didn't matter if it was ₹300, ₹2,000, or even ₹3,000—almost every single one gave me pimples and acne. On top of that, they always felt greasy, heavy, and uncomfortable on my oily skin.   But Aqua Soft FC is completely different. It's hydrating without feeling greasy, and it doesn't break me out. That's honestly so rare for my skin.   Yes, it does contain fragrance, and I completely understand if that's a dealbreaker for some people. If your skin is sensitive to fragrance or it causes irritation, then I'd avoid it. But if you simply don't like the smell and fragrance itself doesn't irritate your skin, I think it's still worth trying because it has worked incredibly well for me.   So that's my morning skincare routine:   - Minimalist Salicylic Acid Cleanser   - SKIN1004 Centella Niacinamide Serum   - Aqua Soft FC Moisturizer   - And finally, my tinted sunscreen, which I'll talk about next.   Next is the  DOT & KEY TINTED SUNSCREEN.   At first, I honestly had no idea what a tinted sunscreen was. I thought it was basically foundation mixed with sunscreen. I don't really wear makeup—I genuinely don't know how to do it yet. I'm still learning!   Then I started researching the difference between a regular sunscreen and a tinted sunscreen. From what I read, tinted sunscreens have some extra benefits, like helping protect against visible light and giving a more even-looking complexion. So I decided to buy the Dot & Key Tinted Sunscreen.   Again, I have oily, acne-prone skin, and this sunscreen has worked really well for me. It's lightweight, gives my skin a really nice glow, feels hydrating, and doesn't leave my face feeling overly greasy or sticky.   I also have the orange version, but personally, I like this one much more.   I actually found out about tinted sunscreens through Instagram, and that's what convinced me to try one. I know a lot of people on Reddit don't like Dot & Key products, and honestly, I don't love all of them either. I tried their blue Barrier Repair Moisturizer, and it completely broke me out. But this tinted sunscreen has been a totally different experience—it has worked amazingly for my skin.   Of course, skincare is very personal. Just because something works for me doesn't guarantee it'll work for you. Everyone's skin is different. I'm only sharing the products that genuinely worked for my oily, acne-prone skin, hoping they might help someone with a similar skin type.   So, that's it for my morning skincare routine. It's actually pretty simple and has been working really well for my oily, acne-prone skin.   Now let's talk about my night routine.   I won't lie—my nighttime routine is a little complicated. 😭 It took me a lot of trial and error to figure out what works for my skin. I don't use every product every single night, and I rotate some of them to avoid irritating my skin.   But this routine has genuinely worked for me, so I thought I'd share it with you guys. Again, this isn't medical advice or a recommendation for everyone—I'm just sharing my personal experience. If you have a similar skin type, maybe it'll help you too.   So, let's get into my night routine.   Here's a polished version that keeps your honest, conversational style while making it easier to follow. I also softened a few claims so they don't sound like guaranteed results.   Now let's talk about my night routine.   I use the same Minimalist Salicylic Acid Cleanser at night as well. After washing my face, I gently pat it completely dry with a clean towel or tissue.   Then I apply 20% Azelaic Acid. It's a pharmacy product, and I've already shared a photo of the exact one I use.   Honestly, pharmacy skincare has worked like magic for me. Even my Aqua Soft FC Moisturizer is a pharmacy product.   A little backstory—I actually didn't have much acne before I got into skincare. Then I started trying way too many products that weren't meant for my skin, and I completely messed up my skin barrier. That's when my acne became much worse.   After doing a lot of research, I decided to try azelaic acid. I ordered mine from Blinkit, and because it's a pharmacy product, a doctor called me before the order was approved. I explained that I have acne and PCOS, which can also contribute to my skin issues.   After I started using it, I noticed a big improvement in my acne. It can sting a little in the beginning, which is normal for some people.   After applying the azelaic acid, I use my Aqua Soft FC Moisturizer. If your skin is sensitive or the azelaic acid stings, you can use the sandwich method:   • Cleanser   • Moisturizer   • A pea-sized amount of Azelaic Acid   • Moisturizer again   If you're just starting, don't use too much. A pea-sized amount is enough. You can apply it all over your face or mainly on acne-prone areas.   For me, it helped reduce my acne, gave my skin a healthier glow over time, and slowly improved my post-acne marks and pigmentation.   I don't use the same active ingredient every night. I rotate them.   One night I'll use Azelaic Acid, then after a gap, another night I'll use Tretinoin instead. The rest of the routine stays exactly the same—cleanser first, then the active, then moisturizer.   Recently, I also started using a celimax retinal serum. It's honestly expensive—I paid around ₹2,000 for it—but so far it's been working really well for me. I've only used it a couple of times, but my skin texture already feels smoother, and my pores appear less noticeable. I'll definitely keep testing it and give a proper long-term review later.   The most important thing is don't use Azelaic Acid, Tretinoin, and Retinol together on the same night. Rotate them and give your skin rest days in between. Otherwise, you can damage your skin barrier.   Whenever my skin starts feeling irritated or sensitive, I stop using active ingredients for a few days and focus only on repairing my skin barrier with a gentle moisturizer. I'm also planning to try La Roche-Posay Cicaplast Baume B5 for barrier repair.   And finally, I just want to say that I'm not a dermatologist. This routine is something I figured out through a lot of trial and error, and it happens to work for my oily, acne-prone skin with PCOS. Everyone's skin is different, so please introduce new products slowly, patch-test them first, and if you have severe or persistent skin concerns, it's always a good idea to consult a dermatologist.      submitted by     /u/StationEfficient501     to     r/IndianSkincareAddicts      [link]   [comments]",skincare warriors days ago posted review aqua soft fc moisturizer mentioned someone sub recommended tried many moisturizers almost every single one gave breakouts moisturizer actually suited skin wanted share experience lot asked comments complete skincare routine thought id make detailed review post ill share every skincare product use use products genuinely worked skin course everyones skin different works may work everyonebut similar skin type might help find products work first minimalist salicylic acid cleanser mainly use acneprone really oily skin use morning night cleans skin really well without making feel stripped dont wear makeup removes sunscreen really well including tinted sunscreen ever since started using cleanser feel like definitely helped control acne keep skin much clearer oily acneprone skin cleanser worked really well next skin1004 madagascar centella tone brightening capsule ampoule niacinamide used minimalist niacinamide serum plum niacinamide serum unfortunately plum niacinamide serum toner didnt suit skin hydrating skin texture became really rough felt like pores looked much noticeable decided try one id seen many positive reviews kept putting expensive finally gathered courage buy small bottle around 1000and im glad serum worked amazingly makes skin look brighter keeps hydrated doesnt feel heavy greasy oily skin like know difficult summers almost everything feels sticky uncomfortable serum lightweight hydrating without making face feel oily use every morning use night different nighttime routine ill share later next holy grailthe aqua soft fc moisturizer oh god seriously love everyone recommended moisturizer sub thank much ive already shared another post literally every moisturizer ive ever tried broke didnt matter 300 2000 even 3000almost every single one gave pimples acne top always felt greasy heavy uncomfortable oily skin aqua soft fc completely different hydrating without feeling greasy doesnt break thats honestly rare skin yes contain fragrance completely understand thats dealbreaker people skin sensitive fragrance causes irritation id avoid simply dont like smell fragrance doesnt irritate skin think still worth trying worked incredibly well thats morning skincare routine minimalist salicylic acid cleanser skin1004 centella niacinamide serum aqua soft fc moisturizer finally tinted sunscreen ill talk next next dot key tinted sunscreen first honestly idea tinted sunscreen thought basically foundation mixed sunscreen dont really wear makeupi genuinely dont know yet im still learning started researching difference regular sunscreen tinted sunscreen read tinted sunscreens extra benefits like helping protect visible light giving evenlooking complexion decided buy dot key tinted sunscreen oily acneprone skin sunscreen worked really well lightweight gives skin really nice glow feels hydrating doesnt leave face feeling overly greasy sticky also orange version personally like one much actually found tinted sunscreens instagram thats convinced try one know lot people reddit dont like dot key products honestly dont love either tried blue barrier repair moisturizer completely broke tinted sunscreen totally different experienceit worked amazingly skin course skincare personal something works doesnt guarantee itll work everyones skin different im sharing products genuinely worked oily acneprone skin hoping might help someone similar skin type thats morning skincare routine actually pretty simple working really well oily acneprone skin lets talk night routine wont liemy nighttime routine little complicated took lot trial error figure works skin dont use every product every single night rotate avoid irritating skin routine genuinely worked thought id share guys isnt medical advice recommendation everyoneim sharing personal experience similar skin type maybe itll help lets get night routine heres polished version keeps honest conversational style making easier follow also softened claims dont sound like guaranteed results lets talk night routine use minimalist salicylic acid cleanser night well washing face gently pat completely dry clean towel tissue apply 20 azelaic acid pharmacy product ive already shared photo exact one use honestly pharmacy skincare worked like magic even aqua soft fc moisturizer pharmacy product little backstoryi actually didnt much acne got skincare started trying way many products werent meant skin completely messed skin barrier thats acne became much worse lot research decided try azelaic acid ordered mine blinkit pharmacy product doctor called order approved explained acne pcos also contribute skin issues started using noticed big improvement acne sting little beginning normal people applying azelaic acid use aqua soft fc moisturizer skin sensitive azelaic acid stings use sandwich method cleanser moisturizer peasized amount azelaic acid moisturizer youre starting dont use much peasized amount enough apply face mainly acneprone areas helped reduce acne gave skin healthier glow time slowly improved postacne marks pigmentation dont use active ingredient every night rotate one night ill use azelaic acid gap another night ill use tretinoin instead rest routine stays exactly samecleanser first active moisturizer recently also started using celimax retinal serum honestly expensivei paid around 2000 itbut far working really well ive used couple times skin texture already feels smoother pores appear less noticeable ill definitely keep testing give proper longterm review later important thing dont use azelaic acid tretinoin retinol together night rotate give skin rest days otherwise damage skin barrier whenever skin starts feeling irritated sensitive stop using active ingredients days focus repairing skin barrier gentle moisturizer im also planning try la rocheposay cicaplast baume b5 barrier repair finally want say im dermatologist routine something figured lot trial error happens work oily acneprone skin pcos everyones skin different please introduce new products slowly patchtest first severe persistent skin concerns always good idea consult dermatologist submitted ustationefficient501 rindianskincareaddicts link comments,Repeat Purchase & Habits,Discusses recurring/habitual purchase patterns and daily grocery routines.,https://www.reddit.com/r/IndianSkincareAddicts/comments/1v8extf/my_skincare_warriors/
Reddit,27-07-2026,,"Rate My Resume (completed my 1st year) https://preview.redd.it/6vqgfmj3arfh1.png?width=780&format=png&auto=webp&s=8a62b173057f107f8a191a03d123cbd449d2d90a   3rd semester is gonna start from august, please give feedback or any suggestion   ive started doing dsa in Javascript a few weeks ago      submitted by     /u/SacksyBoi9969     to     r/BtechCoders      [link]   [comments]",rate resume completed 1st year 3rd semester gonna start august please give feedback suggestion ive started dsa javascript weeks ago submitted usacksyboi9969 rbtechcoders link comments,Recommendations & Personalization,Focuses on app-driven product recommendations and personalization.,https://www.reddit.com/r/BtechCoders/comments/1v7xew7/rate_my_resume_completed_my_1st_year/
Reddit,26-07-2026,,"Gig workers need more attention I saw another post (about rapido)and got inspired to post my experience.   I'm 18 and I have experienced how hard it actually is to be a gig worker.   Finished my 12th with 92%, there are absolutely no financial worries around me yet for fun I signed up as a blinkit delivery partner to pass time,   did just 3 deliveries to realise how hard it is to work the whole day like that. The blinkit app constantly forces you to speed up your pace, makes alert sounds when you delay leaving from the wearhouse , bad roads , traffic and weather adds more to the condition, and in an hr it's only possible to do 4 deliveries, where 1 delivery gives you around 25-30₹ which is nothing.   Plus rising fuel prices concern and rude customer behaviour would literally fuck up their brains.    So it's a kind request to tip them whenever possible, it would probably make their day.    Also I feel we need a revolution against these apps which are exploiting poor people.    AND I ALSO FORGOT TO ADD THAT I GOT HIRED AS THEIR DELIVERY PARTNER WITHOUT EVEN HAVING A DRIVING LISENCE. I DIDNT GET ASKED WHILE REGISTERING OR WHEN I ARRIVED AT THE WEARHOUSE. Straight up exploitation.       submitted by     /u/REHAN12377     to     r/bangalore      [link]   [comments]",gig workers need attention saw another post rapidoand got inspired post experience im 18 experienced hard actually gig worker finished 12th 92 absolutely financial worries around yet fun signed blinkit delivery partner pass time 3 deliveries realise hard work whole day like blinkit app constantly forces speed pace makes alert sounds delay leaving wearhouse bad roads traffic weather adds condition hr possible 4 deliveries 1 delivery gives around 2530 nothing plus rising fuel prices concern rude customer behaviour would literally fuck brains kind request tip whenever possible would probably make day also feel need revolution apps exploiting poor people also forgot add got hired delivery partner without even driving lisence didnt get asked registering arrived wearhouse straight exploitation submitted urehan12377 rbangalore link comments,Pricing & Value Influence,Analyzes how pricing and discount structures influence new category trial.,https://www.reddit.com/r/bangalore/comments/1v7caj6/gig_workers_need_more_attention/
Reddit,2026-07-30,,"I noticed that whenever I need milk, eggs, or Maggi, I open Blinkit and checkout in 20 seconds. But when I want to try a new premium chocolate brand or some new soda, I look at Zepto or Instamart. They seem to have better curation and categories. Is it just me or does anyone else feel Blinkit has a mental lock-in as 'emergency grocery'?",noticed whenever need milk eggs maggi open blinkit checkout 20 seconds want try new premium chocolate brand new soda look zepto instamart seem better curation categories anyone else feel blinkit mental lockin emergency grocery,Repeat Purchase & Habits,Discusses recurring/habitual purchase patterns and daily grocery routines.,https://www.reddit.com/r/india/
Reddit,2026-07-30,,"True, Blinkit layout is heavily optimized for speed. Their 'Order Again' is the first thing you see. It completely blocks browsing. If I want to find gourmet categories or pet treats, I have to search, and the search results are full of random stuff. I substitution fear is another reason - Blinkit once substituted my organic tofu with normal paneer without asking!",true blinkit layout heavily optimized speed order first thing see completely blocks browsing want find gourmet categories pet treats search search results full random stuff substitution fear another reason blinkit substituted organic tofu normal paneer without asking,Repeat Purchase & Habits,Discusses recurring/habitual purchase patterns and daily grocery routines.,https://www.reddit.com/r/india/
Reddit,2026-07-30,,"Has anyone else stopped buying fruits and vegetables from Blinkit? The last three times I ordered tomatoes and bananas, they were bruised or stale. The convenience of 10-minute delivery doesn't make up for trash quality. I'm going back to the local vendor for fresh produce.",anyone else stopped buying fruits vegetables blinkit last three times ordered tomatoes bananas bruised stale convenience 10minute delivery doesnt make trash quality im going back local vendor fresh produce,"Quality, Trust & Freshness",Examines quality trust barriers that prevent users from exploring fresh categories.,https://www.reddit.com/r/india/
Reddit,2026-07-30,,"I agree. Plus, the prices in non-staple categories like wellness or gourmet snacks are overpriced. In staples it is fine, but for premium cheese or imported biscuits, they charge too much. If they expect me to discover and buy these, they need to offer better trial prices.",agree plus prices nonstaple categories like wellness gourmet snacks overpriced staples fine premium cheese imported biscuits charge much expect discover buy need offer better trial prices,Repeat Purchase & Habits,Discusses recurring/habitual purchase patterns and daily grocery routines.,https://www.reddit.com/r/india/
Reddit,2026-07-25,,"True, Blinkit layout is heavily optimized for speed. Their 'Order Again' is the first thing you see. It completely blocks browsing. If I want to find gourmet categories or pet treats, I have to search, and the search results are full of random stuff.",true blinkit layout heavily optimized speed order first thing see completely blocks browsing want find gourmet categories pet treats search search results full random stuff,Repeat Purchase & Habits,Discusses recurring/habitual purchase patterns and daily grocery routines.,https://www.reddit.com/r/india/comments/blinkit_user_experience_discovery_barrier
Reddit,2026-07-24,,"The prices in non-staple categories like wellness or gourmet snacks are overpriced. In staples it is fine, but for premium cheese or imported biscuits, they charge too much. If they expect me to discover and buy these, they need to offer better trial prices.",prices nonstaple categories like wellness gourmet snacks overpriced staples fine premium cheese imported biscuits charge much expect discover buy need offer better trial prices,Repeat Purchase & Habits,Discusses recurring/habitual purchase patterns and daily grocery routines.,https://www.reddit.com/r/india/comments/blinkit_pricing_premium_categories
Reddit,21-07-2026,5,Use full but charge are High for common man,use full charge high common man,Pricing & Value Influence,Analyzes how pricing and discount structures influence new category trial.,https://www.reddit.com/r/india/
Reddit,21-07-2026,1,"very bad experience. every time I order products especially dairy products, when I add it to the cart they show Free Delivery and at the time of delivery they automatically cancel the dairy products and deliver the rest products with delivery charges without information.",bad experience every time order products especially dairy products add cart show free delivery time delivery automatically cancel dairy products deliver rest products delivery charges without information,Pricing & Value Influence,Analyzes how pricing and discount structures influence new category trial.,https://www.reddit.com/r/india/
Reddit,21-07-2026,4,"""Really appreciate how quick and efficient the service is. However, the price markup and extra fees can be a bit much compared to the actual item cost. Hope you guys can fix that!"" 😁",really appreciate quick efficient service however price markup extra fees bit much compared actual item cost hope guys fix,Pricing & Value Influence,Analyzes how pricing and discount structures influence new category trial.,https://www.reddit.com/r/india/
Reddit,21-07-2026,5,they never fraud and response very well i trust blinkit instead of zepto,never fraud response well trust blinkit instead zepto,"Quality, Trust & Freshness",Examines quality trust barriers that prevent users from exploring fresh categories.,https://www.reddit.com/r/india/
Reddit,21-07-2026,5,um it's actually good! tho!!! it's far better than zepto or Bigbasket****🫪🫪,um actually good tho far better zepto bigbasket,Competitor Comparison,Compares shopping experience and category layout with competitor platforms.,https://www.reddit.com/r/india/
Reddit,21-07-2026,4,good service but should not take surge charge,good service take surge charge,Pricing & Value Influence,Analyzes how pricing and discount structures influence new category trial.,https://www.reddit.com/r/india/
Reddit,21-07-2026,5,but price is some product little bit costly,price product little bit costly,Pricing & Value Influence,Analyzes how pricing and discount structures influence new category trial.,https://www.reddit.com/r/india/
Reddit,21-07-2026,1,"Received stale and sour mother dairy paneer. this is really bad blinkit. your services are getting poor day by day. work on vegetables and fruits quality if you are charging extra. One day you delivered damaged white flowers to me and when I asked for return. Your team kept on mailing that is not a issue. and yesterday I ordered paneer. Recieved Sour paneer completely and water was inside paneer packet. horrible service. you should shut down your company, scamming customers with extra charges.",received stale sour mother dairy paneer really bad blinkit services getting poor day day work vegetables fruits quality charging extra one day delivered damaged white flowers asked return team kept mailing issue yesterday ordered paneer recieved sour paneer completely water inside paneer packet horrible service shut company scamming customers extra charges,Pricing & Value Influence,Analyzes how pricing and discount structures influence new category trial.,https://www.reddit.com/r/india/
Reddit,21-07-2026,3,they say no delivery charges but they give charges too high. BLINKIT it's my request to you that please don't give delivery charges 🙏🏻😭,say delivery charges give charges high blinkit request please dont give delivery charges,Pricing & Value Influence,Analyzes how pricing and discount structures influence new category trial.,https://www.reddit.com/r/india/
Reddit,21-07-2026,5,Excellent service! Fast delivery and good quality products. Highly recommended!,excellent service fast delivery good quality products highly recommended,"Quality, Trust & Freshness",Examines quality trust barriers that prevent users from exploring fresh categories.,https://www.reddit.com/r/india/
Reddit,21-07-2026,1,Very disappointing service. Blinkit canceled my order without any reason or prior notice. This wasted my time and caused unnecessary inconvenience. Completely unacceptable. I expected much better service....i was already work in zepto as incharge,disappointing service blinkit canceled order without reason prior notice wasted time caused unnecessary inconvenience completely unacceptable expected much better servicei already work zepto incharge,Competitor Comparison,Compares shopping experience and category layout with competitor platforms.,https://www.reddit.com/r/india/
Reddit,21-07-2026,5,best delivery app in comparison to Instamart or any other app,best delivery app comparison instamart app,Competitor Comparison,Compares shopping experience and category layout with competitor platforms.,https://www.reddit.com/r/india/
Reddit,21-07-2026,1,"if any product is alreardy a packed item ,then why are charnging the packing charge",product alreardy packed item charnging packing charge,Pricing & Value Influence,Analyzes how pricing and discount structures influence new category trial.,https://www.reddit.com/r/india/
Reddit,21-07-2026,4,"it is kinda expensive, but nice delivery..",kinda expensive nice delivery,Pricing & Value Influence,Analyzes how pricing and discount structures influence new category trial.,https://www.reddit.com/r/india/
Reddit,21-07-2026,4,blinkit is excellent but delivery charge is higher,blinkit excellent delivery charge higher,Pricing & Value Influence,Analyzes how pricing and discount structures influence new category trial.,https://www.reddit.com/r/india/
Reddit,21-07-2026,1,"worst app for grocery, better go with other options",worst app grocery better go options,Product & Category Exploration,Discusses user journey in exploring new categories and catalog variety.,https://www.reddit.com/r/india/
Reddit,21-07-2026,2,no discount and some items is too costly,discount items costly,Pricing & Value Influence,Analyzes how pricing and discount structures influence new category trial.,https://www.reddit.com/r/india/
Reddit,21-07-2026,4,very fast delivery but delivery charge can sometimes be high,fast delivery delivery charge sometimes high,Pricing & Value Influence,Analyzes how pricing and discount structures influence new category trial.,https://www.reddit.com/r/india/
Reddit,21-07-2026,2,delevry charges km kro lut machi h kya vai,delevry charges km kro lut machi h kya vai,Pricing & Value Influence,Analyzes how pricing and discount structures influence new category trial.,https://www.reddit.com/r/india/
Reddit,21-07-2026,5,"⭐⭐⭐⭐⭐ Excellent Service! I'm extremely happy with Blinkit. The delivery was incredibly fast, and my order arrived well within the promised time. All the items were fresh, neatly packed, and exactly as ordered. The app is easy to use, prices are reasonable, and the delivery partner was polite and professional. It's very convenient for urgent grocery and household needs. Highly recommended for anyone looking for quick and reliable service. Keep up the great work, Blinkit!",excellent service im extremely happy blinkit delivery incredibly fast order arrived well within promised time items fresh neatly packed exactly ordered app easy use prices reasonable delivery partner polite professional convenient urgent grocery household needs highly recommended anyone looking quick reliable service keep great work blinkit,Pricing & Value Influence,Analyzes how pricing and discount structures influence new category trial.,https://www.reddit.com/r/india/
Reddit,21-07-2026,3,but taking delivery charges a lot,taking delivery charges lot,Pricing & Value Influence,Analyzes how pricing and discount structures influence new category trial.,https://www.reddit.com/r/india/
Reddit,21-07-2026,2,Day by Day handling charges increased. why ? no need for this.,day day handling charges increased need,Pricing & Value Influence,Analyzes how pricing and discount structures influence new category trial.,https://www.reddit.com/r/india/
Reddit,21-07-2026,1,"handling charges for what, also I see too many times fresh vegetables or fruits aren't delivered and are priced very premium",handling charges also see many times fresh vegetables fruits arent delivered priced premium,Pricing & Value Influence,Analyzes how pricing and discount structures influence new category trial.,https://www.reddit.com/r/india/
Reddit,21-07-2026,4,To be honest blinkit is good for faster delivery but blinkit doesn't give any coupon or something so sometimes it's very hard to buy groceries for bachelor like me,honest blinkit good faster delivery blinkit doesnt give coupon something sometimes hard buy groceries bachelor like,Pricing & Value Influence,Analyzes how pricing and discount structures influence new category trial.,https://www.reddit.com/r/india/
Reddit,21-07-2026,5,"Blinkit is a lifesaver! The delivery is incredibly fast, and the items are always fresh and well-packaged.""""Love the convenience of getting groceries in just a few minutes. Highly recommended for daily needs!""",blinkit lifesaver delivery incredibly fast items always fresh wellpackagedlove convenience getting groceries minutes highly recommended daily needs,Repeat Purchase & Habits,Discusses recurring/habitual purchase patterns and daily grocery routines.,https://www.reddit.com/r/india/
Reddit,21-07-2026,5,Only keep away the surge costs!,keep away surge costs,Pricing & Value Influence,Analyzes how pricing and discount structures influence new category trial.,https://www.reddit.com/r/india/
Reddit,21-07-2026,1,worst and fraud company. take charges without delivery,worst fraud company take charges without delivery,Pricing & Value Influence,Analyzes how pricing and discount structures influence new category trial.,https://www.reddit.com/r/india/
Reddit,21-07-2026,1,yah bahut jyada delivery charge handling charge leta hai aapka jitne ka saman nahin hoga usse kuchh Na kuchh to yah nahin lenge agar aapane 130 ka order Diya Hai to inko 30 rupaye delivery charge aap do . it's not good,yah bahut jyada delivery charge handling charge leta hai aapka jitne ka saman nahin hoga usse kuchh na kuchh yah nahin lenge agar aapane 130 ka order diya hai inko 30 rupaye delivery charge aap good,Pricing & Value Influence,Analyzes how pricing and discount structures influence new category trial.,https://www.reddit.com/r/india/
Reddit,21-07-2026,1,too much delivery charges after 1 or 2 oder,much delivery charges 1 2 oder,Pricing & Value Influence,Analyzes how pricing and discount structures influence new category trial.,https://www.reddit.com/r/india/
Reddit,21-07-2026,1,"Horrible cost cutting on packaging. Earlier Blinkit used to give good paper bags for packaging. Now they have replaced that with cheap plastic bags, which barely stay intact. I am switching to Amazon Now because of their cost cutting.",horrible cost cutting packaging earlier blinkit used give good paper bags packaging replaced cheap plastic bags barely stay intact switching amazon cost cutting,Pricing & Value Influence,Analyzes how pricing and discount structures influence new category trial.,https://www.reddit.com/r/india/
Reddit,21-07-2026,1,horrible. liars. say 10 mins and take 20... zepto is much better,horrible liars say 10 mins take 20 zepto much better,Competitor Comparison,Compares shopping experience and category layout with competitor platforms.,https://www.reddit.com/r/india/
Reddit,21-07-2026,5,"I consider the best services rendered by Blinkit as one of the most friendly gesture. We are aged people and depending upon the quick and fastest services rendered by BLINKIT. I treat Zepto as our Son, and BLINKIT as our daughter. both are my two eyes. I whole heartedly appreciate their services.",consider best services rendered blinkit one friendly gesture aged people depending upon quick fastest services rendered blinkit treat zepto son blinkit daughter two eyes whole heartedly appreciate services,Competitor Comparison,Compares shopping experience and category layout with competitor platforms.,https://www.reddit.com/r/india/
Reddit,21-07-2026,1,very bad serviced and expencives and aplicabel extra charges again and again,bad serviced expencives aplicabel extra charges,Pricing & Value Influence,Analyzes how pricing and discount structures influence new category trial.,https://www.reddit.com/r/india/
Reddit,21-07-2026,5,not satisfied. some times products send without packing and taking unnecessary hidden charges,satisfied times products send without packing taking unnecessary hidden charges,Pricing & Value Influence,Analyzes how pricing and discount structures influence new category trial.,https://www.reddit.com/r/india/
Reddit,21-07-2026,1,taking extra charges on baby food items it's ridiculous,taking extra charges baby food items ridiculous,Pricing & Value Influence,Analyzes how pricing and discount structures influence new category trial.,https://www.reddit.com/r/india/
Reddit,2026-07-29,3,it becomes more expensive to buy cheap item,becomes expensive buy cheap item,Pricing & Value Influence,Analyzes how pricing and discount structures influence new category trial.,https://www.reddit.com/r/india/
Google Forms,2026-07-28,4,"I really love Blinkit's speed, but I only use the app to buy milk and eggs. I don't feel motivated to try wellness products because they are expensive.",really love blinkits speed use app buy milk eggs dont feel motivated try wellness products expensive,Repeat Purchase & Habits,Discusses recurring/habitual purchase patterns and daily grocery routines.,https://play.google.com/store/apps/details?id=com.grofers.customerapp
Google Forms,2026-07-27,2,"I tried buying fresh paneer last week, but the app sent me one that was close to expiry. The trust isn't there, so I avoid other fresh categories now.",tried buying fresh paneer last week app sent one close expiry trust isnt avoid fresh categories,Product & Category Exploration,Discusses user journey in exploring new categories and catalog variety.,https://play.google.com/store/apps/details?id=com.grofers.customerapp
Google Forms,2026-07-26,2,"The search function is annoying. If I search for organic tea, it displays standard tea. Very frustrating to discover premium items.",search function annoying search organic tea displays standard tea frustrating discover premium items,Product & Category Exploration,Discusses user journey in exploring new categories and catalog variety.,https://play.google.com/store/apps/details?id=com.grofers.customerapp
Google Forms,2026-07-25,3,"I always check out in 15 seconds. It is a convenience tool. I don't use it for browsing new items, I use Zepto or physical stores for exploring snacks.",always check 15 seconds convenience tool dont use browsing new items use zepto physical stores exploring snacks,Product & Category Exploration,Discusses user journey in exploring new categories and catalog variety.,https://play.google.com/store/apps/details?id=com.grofers.customerapp
Google Forms,23-07-2026,1,blinkit charging extra mony on everything i will never buy anything from now from blinkit. recently i purchase a lip balm from here so on others app this lip balm price is 198 or 188. but here 222 rs. this is so bad and now they are started adding 12 rs. handeling charge also . 10 minutes delivery is okay but they charged tooo much for everything. instead of this app you can use flipcart minutes or any other app.,blinkit charging extra mony everything never buy anything blinkit recently purchase lip balm others app lip balm price 198 188 222 rs bad started adding 12 rs handeling charge also 10 minutes delivery okay charged tooo much everything instead app use flipcart minutes app,Pricing & Value Influence,Analyzes how pricing and discount structures influence new category trial.,https://play.google.com/store/apps/details?id=com.grofers.customerapp&reviewId=ef922347-b8b5-4662-88aa-01f092cd79cf
Google Forms,23-07-2026,4,very good very convenient but price are bit expensive compare to other quick commerce site but overall its the best.,good convenient price bit expensive compare quick commerce site overall best,Pricing & Value Influence,Analyzes how pricing and discount structures influence new category trial.,https://play.google.com/store/apps/details?id=com.grofers.customerapp&reviewId=a0dd2576-df95-412e-a38b-f8eb1e41b921
Google Forms,23-07-2026,4,why delivery charge extra on each product,delivery charge extra product,Pricing & Value Influence,Analyzes how pricing and discount structures influence new category trial.,https://play.google.com/store/apps/details?id=com.grofers.customerapp&reviewId=4a516ecb-0f49-4b94-b442-6f631b36bd4d
Google Forms,23-07-2026,5,good but delivery charges are to high,good delivery charges high,Pricing & Value Influence,Analyzes how pricing and discount structures influence new category trial.,https://play.google.com/store/apps/details?id=com.grofers.customerapp&reviewId=f792bf8c-d67d-46c7-82db-cedb7310b125
Google Forms,23-07-2026,5,"""Super fast delivery! All items were fresh, properly packed, and delivered in perfect condition. Great service as always.Blinkit has made daily grocery shopping so convenient! Fantastic packaging, high-quality products, and unbelievably quick delivery every single time. 10/10 service... 😊😊",super fast delivery items fresh properly packed delivered perfect condition great service alwaysblinkit made daily grocery shopping convenient fantastic packaging highquality products unbelievably quick delivery every single time 1010 service,Repeat Purchase & Habits,Discusses recurring/habitual purchase patterns and daily grocery routines.,https://play.google.com/store/apps/details?id=com.grofers.customerapp&reviewId=9e5a3b8b-30dc-4ed9-9d26-72ba9739a1bc
Google Forms,23-07-2026,2,the delivery speed is not as stated and quick as zepto and also handling charges are being charged,delivery speed stated quick zepto also handling charges charged,Pricing & Value Influence,Analyzes how pricing and discount structures influence new category trial.,https://play.google.com/store/apps/details?id=com.grofers.customerapp&reviewId=330da29f-5e92-446a-8668-57b13f3639cc
Google Forms,23-07-2026,1,"one of the poorest service, I had found & additional they take charge for cancellation even after getting 30 minutes late if you cancel.",one poorest service found additional take charge cancellation even getting 30 minutes late cancel,Pricing & Value Influence,Analyzes how pricing and discount structures influence new category trial.,https://play.google.com/store/apps/details?id=com.grofers.customerapp&reviewId=a0044195-da96-45d0-a794-17a5110caadf
Google Forms,23-07-2026,2,It is expensive because of dilevery charges,expensive dilevery charges,Pricing & Value Influence,Analyzes how pricing and discount structures influence new category trial.,https://play.google.com/store/apps/details?id=com.grofers.customerapp&reviewId=5e5bcf28-1fb8-4a01-b864-1f47e4814b98
Google Forms,23-07-2026,3,"atleast cut off the charges and platform fees on the order which are going to jantar mantar, Delhi, please bharat mata ki jai",atleast cut charges platform fees order going jantar mantar delhi please bharat mata ki jai,Pricing & Value Influence,Analyzes how pricing and discount structures influence new category trial.,https://play.google.com/store/apps/details?id=com.grofers.customerapp&reviewId=68514272-328c-4111-bffe-e43056f5d564
Google Forms,23-07-2026,1,"compare to flipkart minutes, blinkit services and products and return policy is worst. may be a small platform overall. i bought one product today and requested return because of cheap plastic and smells alot . they said we cannot exchange or return. whereas in half the price, i bought from flipkart minutes with better quality. blinkit just lost 3 everyday regular customets in my family because of 300 rs.",compare flipkart minutes blinkit services products return policy worst may small platform overall bought one product today requested return cheap plastic smells alot said cannot exchange return whereas half price bought flipkart minutes better quality blinkit lost 3 everyday regular customets family 300 rs,Repeat Purchase & Habits,Discusses recurring/habitual purchase patterns and daily grocery routines.,https://play.google.com/store/apps/details?id=com.grofers.customerapp&reviewId=0b2e2ecf-bfa8-47b4-a65e-dfd49f5a02ae
Google Forms,22-07-2026,1,awfull Returning any expensive item is extremely difficult in Blinkit go for Bigbasket and flipkart 20 minutes avoid Blinkit,awfull returning expensive item extremely difficult blinkit go bigbasket flipkart 20 minutes avoid blinkit,Pricing & Value Influence,Analyzes how pricing and discount structures influence new category trial.,https://play.google.com/store/apps/details?id=com.grofers.customerapp&reviewId=c6f4d922-7f68-49b2-b18c-32c6d6d162c5
Google Forms,22-07-2026,4,best delivery and fast but to expensive,best delivery fast expensive,Pricing & Value Influence,Analyzes how pricing and discount structures influence new category trial.,https://play.google.com/store/apps/details?id=com.grofers.customerapp&reviewId=0de591e3-9d1b-4cda-9c98-b3c447a27089
Google Forms,22-07-2026,5,"very good affordable app and lag free app delivery service all is good, no extra charges and very easy to purchase the grocery and more things.",good affordable app lag free app delivery service good extra charges easy purchase grocery things,Pricing & Value Influence,Analyzes how pricing and discount structures influence new category trial.,https://play.google.com/store/apps/details?id=com.grofers.customerapp&reviewId=05bb10f7-8ff5-4f11-8223-6d21e3c1eea3
Google Forms,22-07-2026,1,"worst experience ever I had, being it's my 1st order.... responsibility and accountability is not There...i recommend do not use",worst experience ever 1st order responsibility accountability therei recommend use,Recommendations & Personalization,Focuses on app-driven product recommendations and personalization.,https://play.google.com/store/apps/details?id=com.grofers.customerapp&reviewId=1eaff7b5-ae2d-483c-be27-a8c38e4abdb0
Google Forms,22-07-2026,5,You should sell some cheap products which are easily affordable. Rest all the things are nice.,sell cheap products easily affordable rest things nice,Pricing & Value Influence,Analyzes how pricing and discount structures influence new category trial.,https://play.google.com/store/apps/details?id=com.grofers.customerapp&reviewId=c3bec013-43b9-495a-93d1-517a398b3a8d
Google Forms,22-07-2026,5,The best app for grocery better than Instamart😋😋,best app grocery better instamart,Competitor Comparison,Compares shopping experience and category layout with competitor platforms.,https://play.google.com/store/apps/details?id=com.grofers.customerapp&reviewId=05754dcd-3a17-4434-8d4c-a542c24f9a73
Google Forms,22-07-2026,3,service is good but delivery charge is more,service good delivery charge,Pricing & Value Influence,Analyzes how pricing and discount structures influence new category trial.,https://play.google.com/store/apps/details?id=com.grofers.customerapp&reviewId=154453d5-70ba-4bc2-94af-a5462f176668
Google Forms,22-07-2026,3,"Really great,very punctual,easy to get anything we want but extra delivery charge is not good for minimal orders",really greatvery punctualeasy get anything want extra delivery charge good minimal orders,Pricing & Value Influence,Analyzes how pricing and discount structures influence new category trial.,https://play.google.com/store/apps/details?id=com.grofers.customerapp&reviewId=e7de1003-ad9f-468a-8476-393cf8f781c6
Google Forms,22-07-2026,4,"delivery charges is little higher, after purchasing item worth above ₹600",delivery charges little higher purchasing item worth 600,Pricing & Value Influence,Analyzes how pricing and discount structures influence new category trial.,https://play.google.com/store/apps/details?id=com.grofers.customerapp&reviewId=e9daae0c-575e-4104-98bd-d988e8ea839d
Google Forms,22-07-2026,4,5rs handling charges its very bad,5rs handling charges bad,Pricing & Value Influence,Analyzes how pricing and discount structures influence new category trial.,https://play.google.com/store/apps/details?id=com.grofers.customerapp&reviewId=32f982b1-3cea-46c5-a8f9-475cfc80d1e0
Google Forms,22-07-2026,5,very good but takes some charge,good takes charge,Pricing & Value Influence,Analyzes how pricing and discount structures influence new category trial.,https://play.google.com/store/apps/details?id=com.grofers.customerapp&reviewId=3918d1fa-c4d1-4f88-95ca-5ca312313a04
Google Forms,22-07-2026,1,worst app with cheap fake products blinkit is a scam,worst app cheap fake products blinkit scam,Pricing & Value Influence,Analyzes how pricing and discount structures influence new category trial.,https://play.google.com/store/apps/details?id=com.grofers.customerapp&reviewId=09b278aa-3c86-45eb-9a47-59df68312680
Google Forms,22-07-2026,1,frod app extra charge is very high 20 rupay ka 75 water bottle,frod app extra charge high 20 rupay ka 75 water bottle,Pricing & Value Influence,Analyzes how pricing and discount structures influence new category trial.,https://play.google.com/store/apps/details?id=com.grofers.customerapp&reviewId=c98f37d0-13ad-4f2f-9c5e-2233a6237bdb
Google Forms,22-07-2026,1,they are just fooling the people here . they aren't providing proper services. many times I have realised it.Taking handling charges from customers and providing nothing even they didn't provide nag for items I had raised issues many times but every time they gave the same answer here,fooling people arent providing proper services many times realised ittaking handling charges customers providing nothing even didnt provide nag items raised issues many times every time gave answer,Pricing & Value Influence,Analyzes how pricing and discount structures influence new category trial.,https://play.google.com/store/apps/details?id=com.grofers.customerapp&reviewId=4ced2bf0-d538-4f3d-8091-47375034f1fc
Google Forms,22-07-2026,2,i takes 25 ruppes on delivery charges. and there is no cash on delivery on orders less than 50 ruppees.. bruh....,takes 25 ruppes delivery charges cash delivery orders less 50 ruppees bruh,Pricing & Value Influence,Analyzes how pricing and discount structures influence new category trial.,https://play.google.com/store/apps/details?id=com.grofers.customerapp&reviewId=90ea9b5d-a382-4f4d-9ce6-4f60745e2319
Google Forms,22-07-2026,5,"best service, fast service and low price of items, blinkit is the best option to purchase grocery items.",best service fast service low price items blinkit best option purchase grocery items,Product & Category Exploration,Discusses user journey in exploring new categories and catalog variety.,https://play.google.com/store/apps/details?id=com.grofers.customerapp&reviewId=b35c6bc2-9880-4867-af33-1edfef0ddd8a
